customer_id,monthly_income,income_variance,bill_payment_delay_avg,missed_payments_6m,spending_ratio,savings_rate,employment_duration_months,account_age_months,risk_score,risk_band,payment_discipline_score,income_stability_index,financial_resilience_score
1,34470.43,0.065,3.88,0,0.92,0.02,82,68,0.17,High,80.6,93.5,0.0
2,28755.62,0.272,3.39,0,0.57,0.4,73,81,0.0,High,83.05,72.8,36.5
3,35829.2,0.383,1.92,0,0.75,0.14,157,65,0.01,High,90.4,61.7,1.5000000000000018
4,43707.27,0.261,3.7,2,0.46,0.4,80,70,0.2,High,61.5,73.9,42.0
5,27892.62,0.337,1.11,0,0.89,0.06,80,122,0.11,High,94.45,66.3,0.0
6,27892.77,0.359,1.61,2,0.34,0.4,174,86,0.07,High,71.95,64.1,48.0
7,44212.92,0.13,6.61,1,0.98,0.0,291,110,0.17,High,56.94999999999999,87.0,0.0
8,36906.91,0.124,0.9,0,0.46,0.4,35,133,0.0,High,95.5,87.6,42.0
9,25774.73,0.264,2.11,1,1.0,0.05,278,188,0.11,High,79.45,73.6,0.0
10,34883.04,0.194,6.56,1,0.58,0.38,9,190,0.21,High,57.2,80.60000000000001,34.0
11,25829.24,0.344,4.58,1,0.88,0.03,162,225,0.22,High,67.1,65.60000000000001,0.0
12,25808.43,0.365,0.25,1,0.56,0.4,242,76,0.0,High,88.75,63.5,37.0
13,32177.66,0.174,0.46,0,1.02,0.0,26,206,0.19,High,97.7,82.60000000000001,0.0
14,12780.48,0.133,0.02,1,0.4,0.4,216,91,0.0,High,89.9,86.7,45.0
15,14475.74,0.323,3.6,2,0.44,0.4,72,159,0.2,High,62.0,67.7,43.0
16,24939.41,0.146,1.62,1,0.69,0.4,218,145,0.0,High,81.9,85.39999999999999,30.500000000000004
17,20884.52,0.338,0.53,1,0.37,0.4,106,76,0.0,High,87.35,66.19999999999999,46.5
18,32828.23,0.198,9.48,2,0.46,0.4,217,51,0.17,High,32.599999999999994,80.2,42.0
19,21827.78,0.284,2.58,0,1.06,0.0,56,52,0.2,High,87.1,71.6,0.0
20,17289.27,0.083,0.67,2,1.08,0.0,296,84,0.22,High,76.65,91.7,0.0
21,43190.84,0.268,2.32,0,0.6,0.37,205,171,0.0,High,88.4,73.2,32.0
22,27968.01,0.208,3.46,2,1.04,0.0,290,154,0.26,High,62.7,79.2,0.0
23,30607.75,0.255,0.26,1,0.74,0.22,47,147,0.16,High,88.7,74.5,10.0
24,17177.27,0.109,0.82,1,0.52,0.4,200,135,0.0,High,85.9,89.1,39.0
25,25100.56,0.308,5.82,1,0.86,0.07,218,205,0.18,High,60.900000000000006,69.19999999999999,0.0
26,30998.3,0.352,2.31,1,0.83,0.19,186,132,0.11,High,78.45,64.8,2.5000000000000036
27,19641.06,0.126,2.08,1,1.09,0.0,29,114,0.35,High,79.6,87.4,0.0
28,33381.28,0.084,1.37,0,0.51,0.4,168,124,0.0,High,93.15,91.60000000000001,39.5
29,24594.25,0.058,0.1,0,0.84,0.2,276,203,0.0,High,99.5,94.19999999999999,3.0
30,27374.76,0.275,0.61,1,0.34,0.4,105,234,0.0,High,86.95,72.5,48.0
31,24584.64,0.262,1.95,2,0.39,0.4,106,106,0.14,High,70.25,73.8,45.5
32,46670.5,0.241,0.75,0,0.3,0.4,247,166,0.0,High,96.25,75.9,50.0
33,29878.52,0.131,0.14,0,1.1,0.0,171,238,0.08,High,99.3,86.9,0.0
34,20480.6,0.187,5.44,1,0.94,0.02,118,11,0.29,High,62.8,81.3,0.0
35,37402.9,0.258,13.07,2,0.93,0.21,143,223,0.44,High,14.650000000000006,74.2,0.0
36,19012.41,0.224,4.92,0,0.71,0.17,127,131,0.06,High,75.4,77.60000000000001,6.500000000000002
37,31879.77,0.396,7.65,2,0.54,0.4,27,108,0.32,High,41.75,60.4,38.0
38,12362.97,0.098,0.69,0,0.42,0.4,196,238,0.0,High,96.55,90.2,44.0
39,18046.33,0.293,11.21,2,0.53,0.4,102,42,0.31,High,23.949999999999996,70.7,38.5
40,31771.75,0.192,0.65,1,0.6,0.39,7,147,0.13,High,86.75,80.80000000000001,34.0
41,36646.2,0.2,9.07,2,0.91,0.09,21,42,0.51,Medium,34.65,80.0,0.0
42,31542.31,0.301,18.45,5,0.73,0.29,172,13,0.79,Low,0.0,69.9,17.499999999999996
43,28959.17,0.292,4.31,0,0.36,0.4,276,236,0.0,High,78.45,70.8,47.0
44,27290.07,0.397,15.82,3,0.31,0.4,256,82,0.33,High,0.0,60.3,49.5
45,16693.3,0.095,2.09,0,0.38,0.4,123,146,0.0,High,89.55,90.5,46.0
46,23521.4,0.086,0.73,2,0.63,0.38,34,45,0.23,High,76.35,91.4,31.5
47,25854.25,0.304,2.02,1,1.05,0.0,151,112,0.23,High,79.9,69.6,0.0
48,39514.1,0.252,2.94,0,0.81,0.22,268,97,0.0,High,85.3,74.8,6.4999999999999964
49,33092.56,0.146,0.21,1,0.94,0.15,39,191,0.23,High,88.95,85.39999999999999,0.0
50,14132.64,0.078,2.33,1,0.67,0.22,179,23,0.07,High,78.35,92.2,13.499999999999998
51,32916.76,0.08,9.53,1,0.59,0.4,15,62,0.25,High,42.35,92.0,35.5
52,26534.26,0.363,0.8,1,0.39,0.4,185,88,0.0,High,86.0,63.7,45.5
53,23907.7,0.117,4.07,4,1.0,0.0,147,171,0.62,Medium,39.650000000000006,88.3,0.0
54,35505.09,0.163,6.72,2,0.93,0.0,267,37,0.3,High,46.400000000000006,83.7,0.0
55,39279.0,0.129,7.61,2,0.43,0.4,90,219,0.25,High,41.949999999999996,87.1,43.5
56,38381.52,0.174,9.25,1,0.71,0.31,48,199,0.27,High,43.75,82.60000000000001,20.5
57,22447.04,0.074,1.75,0,0.69,0.32,121,210,0.0,High,91.25,92.60000000000001,22.500000000000004
58,27217.09,0.232,11.96,2,0.8,0.23,21,220,0.49,High,20.199999999999996,76.8,7.999999999999998
59,32981.37,0.074,3.35,2,1.06,0.0,222,30,0.32,High,63.25,92.60000000000001,0.0
60,38779.91,0.33,0.64,3,0.76,0.25,235,225,0.25,High,66.8,67.0,12.0
61,25687.43,0.132,1.72,1,0.73,0.22,96,191,0.15,High,81.4,86.8,10.5
62,28329.07,0.239,4.05,1,0.34,0.4,253,208,0.0,High,69.75,76.1,48.0
63,20042.99,0.358,1.08,2,0.35,0.4,252,38,0.0,High,74.6,64.2,47.5
64,19234.14,0.278,3.47,0,0.45,0.4,284,93,0.0,High,82.65,72.2,42.5
65,37312.73,0.237,3.5,1,0.33,0.4,234,199,0.0,High,72.5,76.3,48.5
66,42206.16,0.164,0.5,1,0.89,0.02,48,163,0.26,High,87.5,83.6,0.0
67,29351.91,0.167,2.36,0,0.88,0.11,48,214,0.14,High,88.2,83.3,0.0
68,39031.8,0.284,5.05,4,0.41,0.4,16,109,0.5,Medium,34.75,71.6,44.5
69,33254.72,0.398,2.76,1,0.97,0.12,87,39,0.25,High,76.2,60.199999999999996,0.0
70,24193.92,0.282,0.04,1,0.42,0.4,5,107,0.08,High,89.8,71.8,44.0
71,33252.56,0.245,0.03,1,0.54,0.4,30,132,0.08,High,89.85,75.5,38.0
72,43842.33,0.306,1.56,0,0.5,0.4,159,219,0.0,High,92.2,69.39999999999999,40.0
73,29677.57,0.213,7.99,2,0.6,0.4,177,74,0.21,High,40.05,78.7,35.0
74,44081.79,0.071,0.61,1,0.5,0.4,116,181,0.01,High,86.95,92.9,40.0
75,12000.0,0.247,3.25,2,0.69,0.22,252,45,0.15,High,63.75,75.3,12.500000000000004
76,37397.12,0.385,0.99,0,0.63,0.39,61,184,0.0,High,95.05,61.5,32.5
77,30783.42,0.111,0.99,0,1.09,0.0,205,85,0.06,High,95.05,88.9,0.0
78,27308.93,0.292,6.51,3,0.34,0.4,241,146,0.21,High,37.45,70.8,48.0
79,30825.85,0.12,3.4,1,0.41,0.4,236,223,0.0,High,73.0,88.0,44.5
80,12111.88,0.238,0.32,1,0.34,0.4,97,36,0.0,High,88.4,76.2,48.0
81,28022.95,0.084,1.35,0,0.8,0.11,143,121,0.03,High,93.25,91.60000000000001,0.0
82,33214.01,0.208,0.09,1,0.34,0.4,115,172,0.0,High,89.55,79.2,48.0
83,43301.05,0.315,2.34,0,0.97,0.06,111,68,0.12,High,88.3,68.5,0.0
84,25335.57,0.172,3.1,0,0.71,0.24,291,53,0.0,High,84.5,82.80000000000001,13.500000000000002
85,22723.56,0.283,0.43,0,0.72,0.21,99,92,0.01,High,97.85,71.7,10.000000000000002
86,25484.19,0.328,1.24,1,0.75,0.34,18,53,0.17,High,83.8,67.19999999999999,21.5
87,38238.62,0.375,1.96,1,0.44,0.4,46,66,0.08,High,80.2,62.5,43.0
88,32958.76,0.132,6.7,1,0.46,0.4,232,145,0.0,High,56.5,86.8,42.0
89,25232.16,0.19,14.74,4,0.56,0.4,110,83,0.6,Medium,0.0,81.0,37.0
90,34619.41,0.103,0.12,2,0.77,0.29,219,189,0.13,High,79.4,89.7,15.499999999999996
91,30873.7,0.397,5.71,2,0.47,0.4,262,23,0.08,High,51.45,60.3,41.5
92,38717.8,0.374,1.8,0,0.39,0.4,198,160,0.0,High,91.0,62.6,45.5
93,23681.52,0.239,1.59,1,1.08,0.0,97,33,0.28,High,82.05,76.1,0.0
94,27051.04,0.345,5.23,2,0.32,0.4,58,215,0.21,High,53.849999999999994,65.5,49.0
95,26471.03,0.232,7.92,1,0.94,0.01,34,85,0.4,High,50.4,76.8,0.0
96,16828.37,0.268,10.07,3,0.93,0.15,233,185,0.46,High,19.65,73.2,0.0
97,32665.08,0.081,2.07,1,0.54,0.4,11,21,0.13,High,79.65,91.9,38.0
98,32349.5,0.314,1.58,3,0.41,0.4,193,82,0.18,High,62.099999999999994,68.6,44.5
99,30046.02,0.095,3.83,1,0.42,0.4,202,191,0.0,High,70.85,90.5,44.0
100,27888.72,0.339,1.07,0,0.86,0.13,163,226,0.01,High,94.65,66.10000000000001,0.0
101,17261.66,0.324,3.0,0,0.81,0.24,89,142,0.06,High,85.0,67.6,8.499999999999996
102,26214.19,0.298,1.55,0,0.93,0.01,23,31,0.19,High,92.25,70.19999999999999,0.0
103,26915.57,0.063,2.47,1,1.05,0.0,78,33,0.3,High,77.65,93.7,0.0
104,22779.5,0.156,0.76,1,0.85,0.19,143,110,0.12,High,86.2,84.39999999999999,1.5
105,28548.43,0.142,0.58,1,0.42,0.4,128,82,0.0,High,87.1,85.8,44.0
106,33636.46,0.176,7.21,2,0.49,0.4,253,169,0.12,High,43.95,82.4,40.5
107,46975.67,0.081,0.26,0,0.97,0.02,86,14,0.12,High,98.7,91.9,0.0
108,31571.2,0.378,2.74,0,0.47,0.4,50,180,0.0,High,86.3,62.2,41.5
109,32317.95,0.244,0.8,0,0.36,0.4,80,211,0.0,High,96.0,75.6,47.0
110,29329.99,0.157,0.11,3,0.86,0.09,32,56,0.48,High,69.45,84.3,0.0
111,12731.06,0.189,0.11,0,0.62,0.39,287,81,0.0,High,99.45,81.1,33.0
112,29761.38,0.207,0.58,2,1.04,0.0,138,127,0.34,High,77.1,79.3,0.0
113,30542.07,0.26,6.65,1,0.82,0.11,142,190,0.23,High,56.75,74.0,0.0
114,52169.18,0.23,1.05,1,0.37,0.4,43,37,0.05,High,84.75,77.0,46.5
115,28268.75,0.372,11.6,2,1.06,0.0,284,235,0.39,High,22.0,62.8,0.0
116,32713.93,0.224,2.72,0,0.51,0.4,52,200,0.0,High,86.4,77.60000000000001,39.5
117,29687.59,0.397,2.29,2,0.57,0.4,260,62,0.05,High,68.55,60.3,36.5
118,19481.9,0.348,3.25,1,0.62,0.31,272,59,0.0,High,73.75,65.2,25.0
119,40285.41,0.123,1.9,0,0.34,0.4,136,121,0.0,High,90.5,87.7,48.0
120,36767.4,0.376,5.52,2,0.7,0.25,236,149,0.19,High,52.400000000000006,62.4,15.000000000000002
121,37119.29,0.091,0.81,1,0.4,0.4,130,67,0.0,High,85.95,90.9,45.0
122,21815.51,0.336,1.6,0,0.62,0.36,106,89,0.0,High,92.0,66.39999999999999,30.0
123,42625.15,0.183,6.55,1,0.58,0.4,256,229,0.0,High,57.25,81.69999999999999,36.0
124,17383.34,0.357,11.08,2,0.92,0.1,97,61,0.48,High,24.6,64.3,0.0
125,35281.71,0.354,8.41,1,0.94,0.0,219,28,0.25,High,47.95,64.60000000000001,0.0
126,49714.1,0.332,1.99,0,0.42,0.4,63,22,0.0,High,90.05,66.8,44.0
127,21085.17,0.327,5.51,2,0.59,0.4,270,213,0.1,High,52.45,67.30000000000001,35.5
128,24903.32,0.157,1.8,3,0.6,0.32,243,171,0.21,High,61.0,84.3,27.0
129,30896.86,0.078,1.65,1,0.42,0.4,15,205,0.1,High,81.75,92.2,44.0
130,25468.72,0.191,0.68,0,0.94,0.05,149,216,0.06,High,96.6,80.89999999999999,0.0
131,16044.03,0.111,2.28,0,0.87,0.06,242,163,0.0,High,88.6,88.9,0.0
132,30617.07,0.293,0.71,2,0.45,0.4,91,191,0.15,High,76.45,70.7,42.5
133,20439.27,0.171,1.15,0,0.59,0.4,97,231,0.0,High,94.25,82.89999999999999,35.5
134,34262.33,0.391,7.64,2,0.38,0.4,295,83,0.07,High,41.800000000000004,60.9,46.0
135,21725.18,0.274,0.78,1,0.8,0.26,27,27,0.19,High,86.1,72.6,10.999999999999998
136,43949.41,0.338,0.27,3,0.4,0.4,274,113,0.1,High,68.65,66.19999999999999,45.0
137,22950.72,0.096,0.18,2,1.09,0.0,168,22,0.32,High,79.1,90.4,0.0
138,27101.45,0.352,10.62,2,0.92,0.05,252,20,0.36,High,26.900000000000006,64.8,0.0
139,37321.65,0.373,2.73,0,0.61,0.26,89,119,0.01,High,86.35,62.7,20.5
140,18922.22,0.22,1.63,0,0.76,0.25,144,53,0.0,High,91.85,78.0,12.0
141,32047.14,0.262,5.51,3,1.03,0.08,136,165,0.51,Medium,42.45,73.8,0.0
142,41764.28,0.318,6.48,1,0.74,0.25,281,210,0.06,High,57.599999999999994,68.19999999999999,13.0
143,15532.65,0.111,1.03,1,0.44,0.4,128,218,0.0,High,84.85,88.9,43.0
144,31661.7,0.226,3.7,1,0.6,0.36,143,118,0.07,High,71.5,77.4,31.0
145,32338.95,0.19,4.35,1,0.97,0.02,105,173,0.29,High,68.25,81.0,0.0
146,37036.41,0.101,2.66,0,0.82,0.13,228,102,0.0,High,86.7,89.9,0.0
147,18867.44,0.179,0.48,0,0.82,0.05,65,190,0.1,High,97.6,82.1,0.0
148,18115.89,0.074,4.94,1,0.99,0.0,296,191,0.15,High,65.3,92.60000000000001,0.0
149,34697.47,0.059,1.78,0,1.02,0.0,256,96,0.02,High,91.1,94.10000000000001,0.0
150,32672.86,0.097,0.83,2,1.04,0.05,182,232,0.29,High,75.85,90.3,0.0
151,32254.44,0.387,2.18,1,0.38,0.4,42,21,0.07,High,79.1,61.3,46.0
152,33118.03,0.242,0.12,0,0.74,0.29,266,161,0.0,High,99.4,75.8,16.999999999999996
153,23879.78,0.388,0.54,0,0.89,0.1,191,103,0.0,High,97.3,61.199999999999996,0.0
154,32090.28,0.201,4.36,2,0.91,0.1,10,116,0.45,High,58.2,79.89999999999999,0.0
155,32637.65,0.159,0.0,1,0.79,0.13,106,6,0.15,High,90.0,84.1,0.0
156,23570.84,0.227,1.69,0,0.43,0.4,227,46,0.0,High,91.55,77.3,43.5
157,46791.97,0.204,2.23,1,0.94,0.12,36,53,0.28,High,78.85,79.60000000000001,0.0
158,34264.5,0.087,0.14,0,0.88,0.13,238,164,0.0,High,99.3,91.3,0.0
159,19278.27,0.274,12.19,3,0.37,0.4,230,169,0.3,High,9.050000000000004,72.6,46.5
160,35908.98,0.126,0.67,0,0.67,0.35,190,113,0.0,High,96.65,87.4,26.5
161,21227.86,0.267,1.21,1,0.44,0.4,24,166,0.09,High,83.95,73.3,43.0
162,37083.76,0.278,1.23,0,0.57,0.4,42,166,0.0,High,93.85,72.2,36.5
163,40427.36,0.103,0.66,0,0.31,0.4,175,108,0.0,High,96.7,89.7,49.5
164,22613.86,0.071,0.0,2,0.62,0.33,181,133,0.12,High,80.0,92.9,27.0
165,38670.39,0.323,4.73,1,0.74,0.25,88,215,0.19,High,66.35,67.7,13.0
166,33715.03,0.211,10.41,3,0.8,0.23,135,156,0.49,High,17.950000000000003,78.9,7.999999999999998
167,37398.54,0.07,0.6,0,0.83,0.22,15,193,0.1,High,97.0,93.0,5.5000000000000036
168,47071.14,0.398,4.34,1,0.97,0.0,30,220,0.35,High,68.3,60.199999999999996,0.0
169,27791.51,0.07,3.18,0,0.47,0.4,86,212,0.0,High,84.1,93.0,41.5
170,23216.37,0.293,6.54,3,0.4,0.4,282,223,0.18,High,37.3,70.7,45.0
171,21994.37,0.394,2.18,0,0.98,0.0,265,35,0.01,High,89.1,60.6,0.0
172,22657.71,0.134,0.96,0,0.43,0.4,168,222,0.0,High,95.2,86.6,43.5
173,29306.08,0.1,0.98,1,1.08,0.0,295,50,0.1,High,85.1,90.0,0.0
174,33070.37,0.092,3.07,2,0.97,0.0,70,85,0.42,High,64.65,90.8,0.0
175,32490.22,0.156,4.72,0,0.7,0.29,228,44,0.0,High,76.4,84.39999999999999,19.0
176,37444.65,0.085,0.49,0,1.09,0.0,172,50,0.08,High,97.55,91.5,0.0
177,30117.02,0.292,1.6,0,0.38,0.4,88,83,0.0,High,92.0,70.8,46.0
178,43081.81,0.072,5.48,2,0.54,0.4,135,86,0.2,High,52.599999999999994,92.80000000000001,38.0
179,27618.09,0.228,5.16,1,0.81,0.15,180,145,0.17,High,64.2,77.2,0.0
180,54481.52,0.399,16.74,4,0.58,0.4,254,98,0.52,Medium,0.0,60.099999999999994,36.0
181,35631.01,0.335,5.16,2,1.04,0.03,17,37,0.5,Medium,54.2,66.5,0.0
182,22285.58,0.265,1.66,4,0.35,0.4,225,189,0.27,High,51.7,73.5,47.5
183,20361.97,0.157,2.49,1,0.74,0.36,203,29,0.03,High,77.55,84.3,24.0
184,34342.25,0.268,3.62,1,0.77,0.26,109,121,0.16,High,71.9,73.2,12.5
185,27988.83,0.234,0.26,0,0.82,0.16,252,18,0.0,High,98.7,76.6,1.7763568394002505e-15
186,36426.0,0.199,2.36,0,0.5,0.4,91,153,0.0,High,88.2,80.1,40.0
187,34259.14,0.096,3.06,0,0.59,0.39,127,84,0.0,High,84.7,90.4,34.5
188,29344.54,0.36,0.7,0,0.97,0.0,115,61,0.11,High,96.5,64.0,0.0
189,22378.86,0.207,4.61,1,0.46,0.4,139,58,0.04,High,66.95,79.3,42.0
190,16366.37,0.118,2.27,0,0.96,0.04,249,73,0.01,High,88.65,88.2,0.0
191,25981.37,0.179,8.8,2,0.75,0.3,168,187,0.29,High,36.0,82.1,17.5
192,37707.59,0.195,0.13,2,0.91,0.12,152,39,0.26,High,79.35,80.5,0.0
193,31926.84,0.34,1.14,1,0.87,0.07,70,33,0.23,High,84.3,65.99999999999999,0.0
194,18788.35,0.307,3.25,0,0.47,0.4,223,55,0.0,High,83.75,69.30000000000001,41.5
195,31558.63,0.319,1.27,2,0.76,0.18,273,135,0.13,High,73.65,68.10000000000001,5.0
196,33467.86,0.054,2.84,0,0.99,0.0,22,116,0.22,High,85.8,94.6,0.0
197,22045.28,0.196,4.24,0,0.65,0.36,291,99,0.0,High,78.8,80.4,28.5
198,31383.53,0.218,0.33,0,1.07,0.0,102,159,0.13,High,98.35,78.2,0.0
199,30523.88,0.057,1.65,0,0.66,0.37,254,184,0.0,High,91.75,94.3,29.0
200,19713.27,0.141,1.92,1,0.41,0.4,79,52,0.05,High,80.4,85.9,44.5
201,33220.09,0.316,1.65,2,0.61,0.4,137,31,0.15,High,71.75,68.39999999999999,34.5
202,35047.06,0.098,6.73,2,1.06,0.0,175,89,0.41,High,46.349999999999994,90.2,0.0
203,39747.46,0.237,5.6,2,0.56,0.4,203,111,0.15,High,52.0,76.3,37.0
204,39484.22,0.125,3.14,2,0.99,0.0,219,97,0.3,High,64.3,87.5,0.0
205,17600.98,0.054,2.85,1,1.01,0.11,210,125,0.16,High,75.75,94.6,0.0
206,21559.57,0.134,1.66,2,0.58,0.39,76,217,0.2,High,71.7,86.6,35.0
207,34635.32,0.392,10.05,3,0.37,0.4,13,80,0.45,High,19.75,60.8,46.5
208,34624.07,0.331,4.33,0,0.88,0.11,289,127,0.0,High,78.35,66.9,0.0
209,34635.43,0.386,5.13,2,0.55,0.4,258,207,0.09,High,54.349999999999994,61.4,37.5
210,64674.58,0.221,6.14,3,0.93,0.12,14,194,0.59,Medium,39.3,77.9,0.0
211,35138.01,0.088,0.78,2,0.65,0.38,80,156,0.2,High,76.1,91.2,30.5
212,40220.09,0.242,5.28,2,0.69,0.35,174,170,0.21,High,53.599999999999994,75.8,25.500000000000004
213,38586.02,0.209,0.66,1,0.92,0.04,98,46,0.22,High,86.7,79.10000000000001,0.0
214,35862.52,0.346,1.58,0,0.61,0.4,275,57,0.0,High,92.1,65.4,34.5
215,27162.58,0.084,0.99,0,0.65,0.35,181,216,0.0,High,95.05,91.60000000000001,27.5
216,36830.72,0.221,11.92,3,0.6,0.4,66,87,0.48,High,10.399999999999999,77.9,35.0
217,23044.57,0.103,4.88,0,0.59,0.4,134,182,0.0,High,75.6,89.7,35.5
218,27868.63,0.164,3.4,2,0.72,0.26,274,160,0.13,High,63.0,83.6,15.000000000000002
219,25631.73,0.308,4.6,0,0.95,0.0,111,139,0.17,High,77.0,69.19999999999999,0.0
220,30736.87,0.217,2.55,0,0.59,0.4,275,79,0.0,High,87.25,78.3,35.5
221,50831.93,0.182,8.55,1,0.72,0.3,170,71,0.16,High,47.25,81.80000000000001,19.0
222,13194.61,0.188,2.02,2,0.84,0.1,182,29,0.25,High,69.9,81.2,0.0
223,36176.34,0.211,1.46,0,0.52,0.4,60,171,0.0,High,92.7,78.9,39.0
224,15485.56,0.325,0.64,1,0.52,0.4,81,33,0.05,High,86.8,67.5,39.0
225,25752.61,0.362,5.88,3,1.05,0.0,63,161,0.6,Medium,40.599999999999994,63.800000000000004,0.0
226,39800.56,0.384,5.2,2,0.88,0.18,123,122,0.34,High,54.0,61.6,0.0
227,30578.52,0.325,1.76,2,0.76,0.24,209,119,0.17,High,71.2,67.5,11.0
228,20300.3,0.16,0.07,0,0.82,0.13,36,236,0.1,High,99.65,84.0,0.0
229,23562.27,0.291,6.31,2,0.32,0.4,72,199,0.22,High,48.45,70.9,49.0
230,36116.38,0.203,0.03,0,0.79,0.29,19,66,0.06,High,99.85,79.69999999999999,14.499999999999995
231,23426.7,0.139,3.28,0,0.71,0.3,22,179,0.08,High,83.6,86.1,19.5
232,31948.13,0.344,13.08,4,0.74,0.35,71,74,0.66,Medium,0.0,65.60000000000001,23.0
233,30410.15,0.063,1.33,0,0.59,0.4,217,119,0.0,High,93.35,93.7,35.5
234,24135.6,0.366,1.03,1,0.37,0.4,163,80,0.0,High,84.85,63.4,46.5
235,49295.5,0.212,3.73,0,0.45,0.4,104,207,0.0,High,81.35,78.8,42.5
236,35705.27,0.273,5.72,1,1.06,0.0,208,176,0.24,High,61.400000000000006,72.7,0.0
237,12000.0,0.281,2.69,0,0.63,0.39,147,64,0.0,High,86.55,71.89999999999999,32.5
238,31678.09,0.363,13.02,2,0.67,0.26,59,135,0.44,High,14.900000000000006,63.7,17.5
239,24043.92,0.273,0.18,0,0.34,0.4,85,20,0.0,High,99.1,72.7,48.0
240,37671.9,0.265,2.34,0,0.33,0.4,271,236,0.0,High,88.3,73.5,48.5
241,22867.31,0.073,3.0,0,0.87,0.07,189,110,0.04,High,85.0,92.7,0.0
242,28967.37,0.231,6.27,2,0.73,0.3,8,170,0.38,High,48.650000000000006,76.9,18.5
243,34544.89,0.103,0.5,0,0.71,0.22,112,204,0.0,High,97.5,89.7,11.500000000000002
244,37791.8,0.308,5.7,2,0.49,0.4,140,153,0.19,High,51.5,69.19999999999999,40.5
245,19197.33,0.229,2.53,1,0.9,0.07,53,103,0.27,High,77.35,77.10000000000001,0.0
246,26989.49,0.288,1.74,0,0.43,0.4,53,40,0.0,High,91.3,71.2,43.5
247,25725.49,0.065,0.33,1,0.45,0.4,89,167,0.02,High,88.35,93.5,42.5
248,24120.04,0.08,4.81,3,0.67,0.3,70,219,0.42,High,45.95,92.0,21.5
249,45889.09,0.301,0.6,0,0.53,0.38,86,36,0.0,High,97.0,69.9,36.5
250,33644.84,0.075,0.88,0,0.5,0.4,44,132,0.0,High,95.6,92.5,40.0
251,18652.04,0.075,0.81,0,0.82,0.24,221,220,0.0,High,95.95,92.5,8.000000000000002
252,38260.76,0.054,4.66,1,0.82,0.17,59,24,0.25,High,66.7,94.6,1.0000000000000018
253,49099.41,0.385,4.38,0,0.96,0.0,228,201,0.07,High,78.1,61.5,0.0
254,39292.19,0.308,5.64,3,0.63,0.38,198,29,0.29,High,41.8,69.19999999999999,31.5
255,16325.67,0.174,0.83,0,0.36,0.4,250,89,0.0,High,95.85,82.60000000000001,47.0
256,25641.89,0.154,2.71,0,0.52,0.4,168,172,0.0,High,86.45,84.6,39.0
257,41402.2,0.172,2.43,0,1.08,0.0,64,97,0.2,High,87.85,82.80000000000001,0.0
258,23630.97,0.321,6.45,1,0.78,0.24,265,187,0.08,High,57.75,67.9,9.999999999999998
259,33994.37,0.281,8.06,2,0.87,0.18,114,172,0.39,High,39.699999999999996,71.89999999999999,0.0
260,36971.71,0.115,0.03,0,0.31,0.4,255,150,0.0,High,99.85,88.5,49.5
261,21657.63,0.111,2.86,3,0.71,0.28,201,152,0.29,High,55.7,88.9,17.500000000000007
262,29464.27,0.084,0.13,0,0.33,0.4,180,123,0.0,High,99.35,91.60000000000001,48.5
263,12000.0,0.281,2.71,1,0.76,0.16,28,181,0.24,High,76.45,71.89999999999999,3.0
264,20780.51,0.318,1.22,0,1.04,0.01,248,168,0.02,High,93.9,68.19999999999999,0.0
265,27726.89,0.143,0.99,1,1.07,0.0,21,165,0.33,High,85.05,85.7,0.0
266,18769.95,0.057,1.0,0,0.73,0.25,267,180,0.0,High,95.0,94.3,13.5
267,44691.7,0.079,2.32,1,0.67,0.31,22,52,0.18,High,78.4,92.10000000000001,22.5
268,17128.73,0.389,1.6,0,1.06,0.0,108,197,0.15,High,92.0,61.1,0.0
269,26039.6,0.153,3.65,0,0.84,0.16,239,179,0.0,High,81.75,84.7,0.0
270,31176.67,0.319,1.86,0,0.35,0.4,248,108,0.0,High,90.7,68.10000000000001,47.5
271,42971.46,0.269,0.24,0,0.67,0.29,83,126,0.0,High,98.8,73.1,20.499999999999993
272,17077.24,0.184,4.47,2,0.49,0.4,152,168,0.16,High,57.650000000000006,81.60000000000001,40.5
273,40468.47,0.122,0.88,0,0.68,0.29,12,99,0.05,High,95.6,87.8,19.999999999999993
274,30092.1,0.092,1.4,0,0.66,0.31,226,150,0.0,High,93.0,90.8,23.0
275,21166.42,0.265,3.85,0,0.77,0.24,266,47,0.0,High,80.75,73.5,10.5
276,34158.93,0.321,1.46,0,0.59,0.4,151,116,0.0,High,92.7,67.9,35.5
277,31791.54,0.275,0.2,0,0.43,0.4,280,34,0.0,High,99.0,72.5,43.5
278,24598.05,0.236,1.49,2,0.7,0.25,276,203,0.1,High,72.55,76.4,15.000000000000002
279,30628.22,0.065,6.72,2,0.96,0.0,196,129,0.37,High,46.400000000000006,93.5,0.0
280,26532.18,0.389,4.05,0,0.83,0.18,174,22,0.03,High,79.75,61.1,1.5000000000000036
281,31021.66,0.33,4.06,0,0.57,0.4,267,214,0.0,High,79.7,67.0,36.5
282,35959.18,0.152,2.76,0,1.05,0.0,28,19,0.23,High,86.2,84.8,0.0
283,44274.15,0.393,0.88,2,1.03,0.01,28,157,0.43,High,75.6,60.699999999999996,0.0
284,18859.66,0.261,1.79,2,0.47,0.4,36,190,0.21,High,71.05,73.9,41.5
285,49197.3,0.254,4.54,0,0.33,0.4,266,55,0.0,High,77.3,74.6,48.5
286,12431.21,0.312,0.38,0,0.89,0.21,140,62,0.0,High,98.1,68.8,1.5
287,28633.93,0.334,1.19,1,0.96,0.02,185,234,0.17,High,84.05,66.6,0.0
288,35294.85,0.28,1.1,1,1.07,0.0,244,194,0.15,High,84.5,72.0,0.0
289,32528.93,0.095,1.4,1,1.01,0.05,56,109,0.28,High,83.0,90.5,0.0
290,24395.7,0.168,11.17,4,0.78,0.25,170,44,0.59,Medium,4.149999999999999,83.2,10.999999999999998
291,28126.9,0.375,0.27,1,0.72,0.16,121,188,0.12,High,88.65,62.5,5.000000000000002
292,25562.99,0.129,1.93,1,0.32,0.4,145,101,0.0,High,80.35,87.1,49.0
293,24695.72,0.18,0.57,0,0.5,0.4,83,41,0.0,High,97.15,82.0,40.0
294,37646.42,0.201,10.61,3,0.67,0.27,247,119,0.37,High,16.950000000000003,79.89999999999999,18.5
295,33213.14,0.204,0.36,2,0.8,0.23,64,42,0.28,High,78.2,79.60000000000001,7.999999999999998
296,23763.81,0.265,1.72,1,0.75,0.27,48,19,0.17,High,81.4,73.5,14.5
297,38096.4,0.38,5.22,1,0.89,0.17,89,160,0.25,High,63.900000000000006,62.0,0.0
298,32765.7,0.134,3.26,0,0.52,0.4,101,128,0.0,High,83.7,86.6,39.0
299,37315.76,0.093,1.35,4,0.75,0.3,297,88,0.31,High,53.25,90.7,17.5
300,35666.66,0.119,1.1,0,0.37,0.4,55,164,0.0,High,94.5,88.1,46.5
301,22539.04,0.36,1.93,1,0.63,0.4,194,78,0.0,High,80.35,64.0,33.5
302,24958.37,0.276,1.04,0,0.9,0.24,82,107,0.06,High,94.8,72.39999999999999,4.0
303,36725.64,0.15,0.63,0,0.85,0.22,18,86,0.1,High,96.85,85.0,4.5
304,35493.33,0.336,2.43,1,1.09,0.0,196,88,0.21,High,77.85,66.39999999999999,0.0
305,29811.89,0.351,1.17,0,0.52,0.4,143,49,0.0,High,94.15,64.9,39.0
306,31055.95,0.346,1.26,1,0.7,0.33,110,73,0.09,High,83.7,65.4,23.0
307,41498.98,0.372,4.13,1,0.56,0.39,267,53,0.0,High,69.35,62.8,36.0
308,24675.86,0.138,9.31,2,0.65,0.35,292,62,0.16,High,33.449999999999996,86.2,27.5
309,34923.88,0.314,3.3,0,0.99,0.05,211,80,0.06,High,83.5,68.6,0.0
310,28180.27,0.211,0.24,1,0.85,0.19,167,27,0.1,High,88.8,78.9,1.5
311,28040.87,0.345,0.29,0,1.01,0.0,154,137,0.08,High,98.55,65.5,0.0
312,39888.99,0.305,10.66,3,0.46,0.4,292,214,0.25,High,16.700000000000003,69.5,42.0
313,37428.75,0.322,1.27,2,1.0,0.0,270,205,0.23,High,73.65,67.8,0.0
314,37321.59,0.28,0.33,1,0.35,0.4,153,51,0.0,High,88.35,72.0,47.5
315,41749.31,0.112,2.34,0,1.01,0.02,209,192,0.06,High,88.3,88.8,0.0
316,30189.03,0.241,3.13,0,0.56,0.4,257,167,0.0,High,84.35,75.9,37.0
317,36137.58,0.395,4.15,1,0.55,0.4,143,16,0.05,High,69.25,60.5,37.5
318,27207.6,0.378,1.21,0,0.71,0.38,98,36,0.0,High,93.95,62.2,27.5
319,32917.5,0.065,0.04,0,1.05,0.0,229,144,0.02,High,99.8,93.5,0.0
320,28828.71,0.108,8.51,2,0.34,0.4,195,125,0.15,High,37.45,89.2,48.0
321,30872.96,0.096,0.72,1,0.58,0.4,120,61,0.03,High,86.4,90.4,36.0
322,35356.41,0.304,3.97,2,0.99,0.08,7,43,0.47,High,60.150000000000006,69.6,0.0
323,22636.01,0.336,4.51,1,0.62,0.36,245,26,0.0,High,67.45,66.39999999999999,30.0
324,48831.49,0.125,2.47,1,0.46,0.4,23,115,0.11,High,77.65,87.5,42.0
325,20945.84,0.227,1.18,0,0.64,0.36,154,99,0.0,High,94.1,77.3,29.0
326,19072.3,0.344,1.18,2,0.61,0.37,130,143,0.16,High,74.1,65.60000000000001,31.5
327,40423.0,0.306,3.22,0,1.03,0.0,126,159,0.15,High,83.9,69.39999999999999,0.0
328,37124.96,0.24,6.43,3,0.91,0.17,148,224,0.46,High,37.849999999999994,76.0,0.0
329,35617.08,0.257,9.63,3,0.7,0.23,279,141,0.34,High,21.849999999999994,74.3,13.000000000000002
330,35655.11,0.228,0.35,2,1.09,0.0,154,236,0.34,High,78.25,77.2,0.0
331,29889.78,0.154,0.47,0,0.67,0.29,113,13,0.0,High,97.65,84.6,20.499999999999993
332,21924.71,0.248,9.38,1,0.35,0.4,118,193,0.11,High,43.099999999999994,75.2,47.5
333,30682.24,0.291,4.61,0,0.51,0.4,190,77,0.0,High,76.95,70.9,39.5
334,23905.54,0.356,8.11,1,0.65,0.39,59,124,0.21,High,49.45,64.4,31.5
335,38776.08,0.273,0.76,0,0.43,0.4,253,39,0.0,High,96.2,72.7,43.5
336,28676.48,0.316,3.17,1,1.06,0.0,152,149,0.25,High,74.15,68.39999999999999,0.0
337,22570.53,0.106,3.06,0,0.91,0.11,164,110,0.06,High,84.7,89.4,0.0
338,27107.53,0.212,3.49,1,0.51,0.4,122,146,0.05,High,72.55,78.8,39.5
339,33716.38,0.053,1.19,0,0.77,0.26,72,92,0.03,High,94.05,94.69999999999999,12.5
340,24926.48,0.136,0.04,0,0.88,0.12,101,209,0.06,High,99.8,86.4,0.0
341,22600.02,0.304,3.08,1,1.05,0.03,169,224,0.23,High,74.6,69.6,0.0
342,32193.18,0.397,1.16,0,1.01,0.12,153,155,0.05,High,94.2,60.3,0.0
343,32204.7,0.085,1.45,0,0.71,0.32,4,229,0.06,High,92.75,91.5,21.5
344,25437.51,0.191,9.33,2,0.92,0.09,154,160,0.41,High,33.35,80.89999999999999,0.0
345,25760.66,0.33,1.86,1,0.75,0.28,67,69,0.16,High,80.7,67.0,15.500000000000004
346,32088.45,0.121,4.77,2,0.74,0.2,71,7,0.34,High,56.150000000000006,87.9,8.0
347,16967.24,0.244,0.67,0,0.39,0.4,123,114,0.0,High,96.65,75.6,45.5
348,17332.83,0.307,3.94,1,0.4,0.4,111,230,0.05,High,70.3,69.30000000000001,45.0
349,23534.0,0.266,12.55,3,0.72,0.3,249,31,0.39,High,7.25,73.4,19.0
350,28078.98,0.116,0.28,4,0.52,0.4,95,225,0.39,High,58.599999999999994,88.4,39.0
351,32798.17,0.174,0.02,1,0.32,0.4,270,88,0.0,High,89.9,82.60000000000001,49.0
352,43278.21,0.324,2.06,0,0.88,0.03,105,112,0.11,High,89.7,67.6,0.0
353,37718.94,0.244,0.31,1,0.33,0.4,114,74,0.0,High,88.45,75.6,48.5
354,28560.55,0.052,3.12,0,0.78,0.24,64,102,0.08,High,84.4,94.8,9.999999999999998
355,29828.85,0.316,8.81,1,0.73,0.23,138,217,0.22,High,45.949999999999996,68.39999999999999,11.5
356,20977.24,0.062,1.32,1,1.08,0.0,57,35,0.31,High,83.4,93.8,0.0
357,29833.38,0.311,1.06,1,0.69,0.26,110,13,0.1,High,84.7,68.9,16.500000000000004
358,27402.07,0.121,1.48,2,0.35,0.4,260,43,0.0,High,72.6,87.9,47.5
359,32904.47,0.385,5.05,1,0.74,0.22,255,194,0.07,High,64.75,61.5,10.0
360,22554.92,0.179,0.03,0,0.97,0.05,224,86,0.0,High,99.85,82.1,0.0
361,34674.12,0.164,2.51,3,1.1,0.0,169,113,0.48,High,57.45,83.6,0.0
362,43794.65,0.102,2.39,2,0.64,0.33,162,70,0.17,High,68.05,89.8,26.0
363,29021.16,0.157,2.83,1,0.56,0.4,168,72,0.01,High,75.85,84.3,37.0
364,33615.41,0.357,1.05,0,1.03,0.02,207,179,0.04,High,94.75,64.3,0.0
365,36211.3,0.399,5.0,2,0.45,0.4,269,95,0.06,High,55.0,60.099999999999994,42.5
366,26389.02,0.179,0.28,0,0.79,0.15,140,100,0.0,High,98.6,82.1,0.4999999999999982
367,32016.83,0.207,0.67,1,0.62,0.37,250,77,0.0,High,86.65,79.3,31.0
368,30113.33,0.303,7.38,1,0.33,0.4,57,48,0.13,High,53.1,69.7,48.5
369,30879.08,0.36,5.1,3,0.58,0.4,211,192,0.26,High,44.5,64.0,36.0
370,23042.91,0.258,0.05,0,0.51,0.4,19,51,0.0,High,99.75,74.2,39.5
371,30220.59,0.187,0.84,0,0.85,0.08,70,205,0.1,High,95.8,81.3,0.0
372,34481.98,0.194,0.72,0,1.06,0.0,135,130,0.11,High,96.4,80.60000000000001,0.0
373,43060.29,0.293,1.1,2,0.51,0.4,190,168,0.08,High,74.5,70.7,39.5
374,38633.44,0.051,0.64,3,0.95,0.04,140,44,0.43,High,66.8,94.89999999999999,0.0
375,49378.64,0.267,0.22,1,0.34,0.4,176,225,0.0,High,88.9,73.3,48.0
376,23093.87,0.174,1.76,0,0.73,0.36,99,56,0.0,High,91.2,82.60000000000001,24.5
377,37850.89,0.328,4.8,0,0.36,0.4,173,9,0.0,High,76.0,67.19999999999999,47.0
378,31650.08,0.083,2.25,1,1.05,0.0,156,126,0.23,High,78.75,91.7,0.0
379,49708.23,0.256,3.66,0,0.91,0.03,185,85,0.07,High,81.7,74.4,0.0
380,22725.32,0.218,0.26,0,0.83,0.11,244,82,0.0,High,98.7,78.2,0.0
381,22442.5,0.275,10.21,4,0.96,0.04,287,217,0.57,Medium,8.949999999999996,72.5,0.0
382,24605.47,0.073,4.31,3,0.82,0.18,29,184,0.51,Medium,48.45,92.7,2.0000000000000018
383,12000.0,0.253,5.34,3,1.08,0.0,62,138,0.6,Medium,43.3,74.7,0.0
384,25268.2,0.247,5.6,1,0.87,0.19,204,60,0.15,High,62.0,75.3,0.5
385,23167.81,0.246,8.72,2,1.04,0.0,252,234,0.37,High,36.4,75.4,0.0
386,31353.54,0.261,2.6,1,0.71,0.28,71,25,0.16,High,77.0,73.9,17.500000000000007
387,33075.8,0.287,0.77,0,0.39,0.4,23,157,0.0,High,96.15,71.30000000000001,45.5
388,46885.54,0.332,3.51,2,0.72,0.39,154,169,0.19,High,62.45,66.8,28.0
389,38553.81,0.144,3.7,1,0.4,0.4,104,39,0.05,High,71.5,85.6,45.0
390,24807.87,0.339,4.95,2,0.77,0.15,97,127,0.34,High,55.25,66.10000000000001,1.5
391,21914.27,0.224,2.3,1,0.69,0.38,231,114,0.0,High,78.5,77.60000000000001,28.500000000000004
392,34427.27,0.077,0.17,1,0.8,0.25,127,131,0.1,High,89.15,92.30000000000001,9.999999999999998
393,18117.9,0.07,1.09,2,0.31,0.4,260,59,0.0,High,74.55,93.0,49.5
394,46483.13,0.167,7.19,1,0.46,0.4,238,167,0.0,High,54.05,83.3,42.0
395,40614.96,0.325,3.18,1,0.69,0.27,164,216,0.09,High,74.1,67.5,17.500000000000004
396,25777.42,0.298,2.7,0,1.06,0.0,44,150,0.22,High,86.5,70.19999999999999,0.0
397,14581.79,0.326,1.14,1,0.61,0.4,278,138,0.0,High,84.3,67.39999999999999,34.5
398,42184.85,0.231,1.45,1,0.64,0.33,70,94,0.11,High,82.75,76.9,26.0
399,28969.14,0.204,6.82,1,0.87,0.11,175,151,0.22,High,55.900000000000006,79.60000000000001,0.0
400,41140.35,0.102,2.75,2,0.78,0.25,127,188,0.26,High,66.25,89.8,10.999999999999998
401,15650.15,0.165,4.37,1,0.54,0.39,172,58,0.03,High,68.15,83.5,37.0
402,24605.62,0.202,1.82,1,0.63,0.35,49,55,0.13,High,80.9,79.80000000000001,28.5
403,30047.19,0.081,2.39,3,0.47,0.4,263,77,0.15,High,58.05,91.9,41.5
404,30422.83,0.127,0.75,2,1.07,0.0,219,224,0.28,High,76.25,87.3,0.0
405,25949.41,0.259,4.03,0,0.4,0.4,126,212,0.0,High,79.85,74.1,45.0
406,35605.65,0.307,1.97,2,0.6,0.4,295,178,0.02,High,70.15,69.30000000000001,35.0
407,20391.42,0.399,2.34,0,0.32,0.4,164,146,0.0,High,88.3,60.099999999999994,49.0
408,28718.58,0.377,4.07,1,0.48,0.4,203,21,0.0,High,69.65,62.3,41.0
409,31082.66,0.275,9.29,3,0.92,0.06,277,219,0.44,High,23.550000000000004,72.5,0.0
410,34629.95,0.197,0.2,0,0.46,0.4,208,217,0.0,High,99.0,80.3,42.0
411,36404.53,0.273,5.86,1,0.36,0.4,42,18,0.13,High,60.7,72.7,47.0
412,19878.22,0.325,1.25,1,0.68,0.22,275,25,0.0,High,83.75,67.5,12.999999999999998
413,16192.97,0.091,1.44,1,0.31,0.4,190,71,0.0,High,82.8,90.9,49.5
414,41499.09,0.193,0.07,0,0.37,0.4,95,232,0.0,High,99.65,80.69999999999999,46.5
415,32990.83,0.344,1.33,0,0.95,0.17,44,52,0.12,High,93.35,65.60000000000001,0.0
416,23263.62,0.184,2.04,2,0.92,0.04,109,152,0.35,High,69.8,81.60000000000001,0.0
417,43960.37,0.25,0.19,0,1.03,0.0,67,178,0.15,High,99.05,75.0,0.0
418,31041.07,0.256,2.21,0,0.98,0.09,137,170,0.09,High,88.95,74.4,0.0
419,40613.67,0.115,6.74,2,0.85,0.16,26,127,0.44,High,46.3,88.5,0.0
420,30607.67,0.177,0.32,1,0.34,0.4,30,59,0.05,High,88.4,82.3,48.0
421,48546.73,0.167,4.1,1,0.93,0.04,64,11,0.3,High,69.5,83.3,0.0
422,45798.07,0.059,1.21,1,0.98,0.02,275,19,0.1,High,83.95,94.10000000000001,0.0
423,27759.32,0.058,2.44,0,0.94,0.13,231,137,0.0,High,87.8,94.19999999999999,0.0
424,38744.14,0.341,1.12,1,0.71,0.29,22,91,0.17,High,84.4,65.9,18.5
425,35808.38,0.146,0.47,0,0.49,0.4,5,188,0.0,High,97.65,85.39999999999999,40.5
426,42317.68,0.231,0.55,0,0.98,0.04,220,236,0.01,High,97.25,76.9,0.0
427,21315.69,0.155,0.2,1,0.88,0.07,138,233,0.16,High,89.0,84.5,0.0
428,36174.46,0.379,0.8,2,1.08,0.0,5,167,0.46,High,76.0,62.1,0.0
429,39525.82,0.141,2.95,1,0.42,0.4,195,32,0.0,High,75.25,85.9,44.0
430,14171.34,0.2,6.41,2,0.48,0.4,75,12,0.25,High,47.95,80.0,41.0
431,19350.67,0.355,6.36,1,0.47,0.4,120,136,0.09,High,58.2,64.5,41.5
432,12000.0,0.345,4.3,2,0.93,0.0,156,180,0.36,High,58.5,65.5,0.0
433,27575.34,0.115,0.3,1,0.45,0.4,211,230,0.0,High,88.5,88.5,42.5
434,36457.88,0.331,1.25,0,0.35,0.4,36,7,0.0,High,93.75,66.9,47.5
435,43521.21,0.21,1.13,0,1.1,0.0,139,239,0.12,High,94.35,79.0,0.0
436,30666.85,0.219,0.89,0,0.32,0.4,122,85,0.0,High,95.55,78.10000000000001,49.0
437,44657.54,0.097,1.8,0,0.97,0.0,117,158,0.12,High,91.0,90.3,0.0
438,17579.09,0.078,1.83,0,0.59,0.4,15,65,0.01,High,90.85,92.2,35.5
439,14669.56,0.305,1.56,3,0.97,0.0,71,212,0.52,Medium,62.2,69.5,0.0
440,29500.07,0.224,1.36,0,0.74,0.19,259,29,0.0,High,93.2,77.60000000000001,7.0
441,33456.59,0.203,5.32,1,1.02,0.0,91,20,0.33,High,63.400000000000006,79.69999999999999,0.0
442,29705.75,0.305,5.49,3,1.04,0.01,49,100,0.61,Medium,42.55,69.5,0.0
443,12000.0,0.318,1.32,0,0.31,0.4,262,147,0.0,High,93.4,68.19999999999999,49.5
444,29197.92,0.106,6.2,2,0.36,0.4,230,187,0.09,High,49.0,89.4,47.0
445,18259.77,0.264,10.13,2,0.5,0.4,182,211,0.22,High,29.349999999999994,73.6,40.0
446,36027.05,0.097,0.98,1,0.84,0.1,12,139,0.26,High,85.1,90.3,0.0
447,33299.38,0.313,1.56,0,1.01,0.1,286,211,0.0,High,92.2,68.7,0.0
448,21541.08,0.28,2.39,0,0.67,0.24,128,86,0.0,High,88.05,72.0,15.499999999999998
449,25375.2,0.385,11.11,3,0.79,0.19,136,23,0.51,Medium,14.450000000000003,61.5,4.499999999999998
450,20467.08,0.074,4.95,0,0.45,0.4,157,25,0.0,High,75.25,92.60000000000001,42.5
451,29435.89,0.07,0.25,0,0.94,0.0,250,120,0.0,High,98.75,93.0,0.0
452,38596.28,0.149,1.37,0,1.07,0.0,142,195,0.12,High,93.15,85.1,0.0
453,21128.47,0.142,2.18,0,0.51,0.4,178,214,0.0,High,89.1,85.8,39.5
454,34536.42,0.136,1.88,1,0.7,0.29,176,213,0.05,High,80.6,86.4,19.0
455,25227.68,0.367,0.83,0,0.37,0.4,76,45,0.0,High,95.85,63.3,46.5
456,22864.14,0.137,5.26,2,0.75,0.25,145,44,0.27,High,53.7,86.3,12.5
457,29036.73,0.145,3.08,2,0.7,0.27,294,185,0.1,High,64.6,85.5,17.0
458,20682.82,0.316,6.51,2,0.42,0.4,114,37,0.21,High,47.45,68.39999999999999,44.0
459,25017.16,0.207,5.94,4,0.65,0.37,208,129,0.42,High,30.299999999999997,79.3,29.5
460,19219.1,0.322,4.98,0,0.57,0.4,133,113,0.0,High,75.1,67.8,36.5
461,47682.53,0.073,1.37,3,0.72,0.2,112,206,0.37,High,63.150000000000006,92.7,9.000000000000002
462,30317.37,0.221,2.93,1,0.77,0.23,69,32,0.19,High,75.35,77.9,9.5
463,23702.47,0.062,0.4,0,0.31,0.4,88,115,0.0,High,98.0,93.8,49.5
464,31925.82,0.072,2.64,0,0.91,0.14,277,185,0.0,High,86.8,92.80000000000001,0.0
465,28989.05,0.367,0.76,0,0.87,0.09,229,102,0.0,High,96.2,63.3,0.0
466,28011.27,0.099,2.95,1,0.59,0.36,12,196,0.16,High,75.25,90.10000000000001,31.5
467,35527.5,0.236,0.83,1,0.34,0.4,290,79,0.0,High,85.85,76.4,48.0
468,36817.57,0.194,0.37,0,0.9,0.16,114,196,0.04,High,98.15,80.60000000000001,0.0
469,25225.49,0.172,0.52,0,1.06,0.0,26,22,0.2,High,97.4,82.80000000000001,0.0
470,24817.64,0.365,0.01,0,0.49,0.4,293,54,0.0,High,99.95,63.5,40.5
471,27524.53,0.058,2.9,0,0.56,0.4,170,233,0.0,High,85.5,94.19999999999999,37.0
472,12000.0,0.282,4.5,0,0.45,0.4,111,86,0.0,High,77.5,71.8,42.5
473,16363.28,0.387,2.85,1,0.76,0.28,192,215,0.07,High,75.75,61.3,15.000000000000004
474,42301.87,0.246,0.57,0,0.42,0.4,198,121,0.0,High,97.15,75.4,44.0
475,44804.71,0.378,0.34,0,0.58,0.4,35,28,0.0,High,98.3,62.2,36.0
476,27758.68,0.068,0.05,2,0.86,0.09,207,103,0.21,High,79.75,93.19999999999999,0.0
477,35189.01,0.197,0.54,0,0.75,0.21,184,77,0.0,High,97.3,80.3,8.5
478,32801.25,0.141,5.99,1,0.61,0.4,149,146,0.09,High,60.05,85.9,34.5
479,57709.93,0.306,0.98,1,0.64,0.4,270,156,0.0,High,85.1,69.39999999999999,33.0
480,40076.17,0.393,1.74,0,0.75,0.23,13,62,0.1,High,91.3,60.699999999999996,10.5
481,28848.74,0.14,0.3,0,0.3,0.4,72,195,0.0,High,98.5,86.0,50.0
482,21400.14,0.279,0.85,0,0.36,0.4,258,187,0.0,High,95.75,72.1,47.0
483,15541.98,0.119,1.9,0,1.01,0.01,221,153,0.04,High,90.5,88.1,0.0
484,31831.17,0.248,3.03,1,0.36,0.4,299,91,0.0,High,74.85,75.2,47.0
485,23192.84,0.212,0.86,1,0.87,0.16,261,185,0.04,High,85.7,78.8,0.0
486,17199.72,0.39,0.23,0,1.04,0.03,5,28,0.2,High,98.85,61.0,0.0
487,24180.84,0.263,1.64,1,0.52,0.4,86,110,0.06,High,81.8,73.7,39.0
488,20266.07,0.172,0.76,1,0.6,0.36,158,168,0.01,High,86.2,82.80000000000001,31.0
489,45184.27,0.09,0.61,0,0.76,0.25,153,72,0.0,High,96.95,91.0,12.0
490,37934.76,0.103,8.09,2,1.01,0.0,178,39,0.41,High,39.55,89.7,0.0
491,29928.25,0.129,2.53,1,1.05,0.0,197,38,0.2,High,77.35,87.1,0.0
492,43319.5,0.138,2.19,1,0.89,0.16,109,51,0.19,High,79.05,86.2,0.0
493,30696.31,0.348,2.01,1,0.37,0.4,136,86,0.0,High,79.95,65.2,46.5
494,22248.44,0.246,1.81,4,0.84,0.14,278,178,0.4,High,50.95,75.4,0.0
495,43708.12,0.233,2.46,0,0.63,0.4,157,152,0.0,High,87.7,76.7,33.5
496,34850.19,0.09,2.92,0,0.68,0.34,279,227,0.0,High,85.4,91.0,25.0
497,20664.78,0.351,4.55,0,0.34,0.4,238,92,0.0,High,77.25,64.9,48.0
498,28286.95,0.303,0.66,0,0.45,0.4,242,20,0.0,High,96.7,69.7,42.5
499,22119.44,0.074,1.64,1,0.93,0.08,15,128,0.29,High,81.8,92.60000000000001,0.0
500,17554.8,0.298,1.85,1,0.66,0.29,37,126,0.16,High,80.75,70.19999999999999,20.999999999999993
501,38335.6,0.24,6.54,1,0.54,0.4,49,83,0.17,High,57.3,76.0,38.0
502,47184.75,0.079,2.39,1,0.61,0.4,216,71,0.0,High,78.05,92.10000000000001,34.5
503,17412.89,0.21,2.32,2,0.98,0.02,148,44,0.34,High,68.4,79.0,0.0
504,35066.72,0.22,0.38,1,0.9,0.07,161,23,0.15,High,88.1,78.0,0.0
505,24144.22,0.108,2.36,0,0.52,0.4,127,203,0.0,High,88.2,89.2,39.0
506,25615.87,0.381,0.49,0,0.39,0.4,112,192,0.0,High,97.55,61.9,45.5
507,24668.45,0.347,1.54,0,0.5,0.4,39,165,0.0,High,92.3,65.3,40.0
508,22224.08,0.284,0.53,0,1.04,0.0,279,26,0.0,High,97.35,71.6,0.0
509,30436.69,0.212,3.6,2,0.77,0.2,16,173,0.37,High,62.0,78.8,6.5
510,22521.45,0.194,0.69,0,0.73,0.25,234,225,0.0,High,96.55,80.60000000000001,13.5
511,32434.11,0.278,1.69,0,0.78,0.34,126,32,0.0,High,91.55,72.2,20.0
512,29547.86,0.241,7.24,1,0.59,0.37,281,7,0.0,High,53.8,75.9,32.5
513,27849.47,0.072,0.54,1,0.95,0.05,113,102,0.21,High,87.3,92.80000000000001,0.0
514,21831.93,0.229,2.23,1,0.72,0.26,126,213,0.11,High,78.85,77.10000000000001,15.000000000000002
515,24809.06,0.332,1.99,1,0.39,0.4,32,44,0.08,High,80.05,66.8,45.5
516,36798.52,0.211,0.06,1,0.4,0.4,117,219,0.0,High,89.7,78.9,45.0
517,34508.25,0.068,3.68,1,0.73,0.27,92,61,0.16,High,71.6,93.19999999999999,15.5
518,21202.0,0.325,0.26,0,1.05,0.0,214,112,0.04,High,98.7,67.5,0.0
519,30893.99,0.12,1.67,4,0.55,0.4,40,132,0.46,High,51.650000000000006,88.0,37.5
520,36762.48,0.141,2.22,0,1.0,0.05,85,18,0.15,High,88.9,85.9,0.0
521,14975.35,0.108,2.51,0,0.91,0.04,29,131,0.18,High,87.45,89.2,0.0
522,34890.24,0.166,3.3,0,0.5,0.4,219,189,0.0,High,83.5,83.39999999999999,40.0
523,24036.39,0.315,1.04,1,0.33,0.4,217,199,0.0,High,84.8,68.5,48.5
524,35135.39,0.232,0.03,0,0.38,0.4,223,211,0.0,High,99.85,76.8,46.0
525,23130.67,0.122,3.35,2,0.88,0.1,17,61,0.42,High,63.25,87.8,0.0
526,13756.06,0.357,2.9,0,0.46,0.4,261,235,0.0,High,85.5,64.3,42.0
527,15352.12,0.358,6.85,1,0.6,0.4,268,238,0.0,High,55.75,64.2,35.0
528,30432.76,0.355,6.5,1,0.7,0.33,122,33,0.16,High,57.5,64.5,23.0
529,32337.5,0.134,4.95,0,0.88,0.19,130,69,0.08,High,75.25,86.6,0.0
530,21861.15,0.208,2.02,1,0.39,0.4,213,76,0.0,High,79.9,79.2,45.5
531,35747.33,0.395,1.61,1,0.63,0.4,13,215,0.14,High,81.95,60.5,33.5
532,15046.32,0.32,5.65,2,0.69,0.36,178,197,0.21,High,51.75,68.0,26.500000000000004
533,29405.28,0.06,1.38,1,0.73,0.23,135,189,0.11,High,83.1,94.0,11.5
534,19100.85,0.073,0.48,0,0.95,0.0,16,174,0.18,High,97.6,92.7,0.0
535,24133.48,0.212,5.91,1,0.44,0.4,52,124,0.13,High,60.45,78.8,43.0
536,30426.59,0.368,8.23,2,0.95,0.04,74,105,0.48,High,38.849999999999994,63.2,0.0
537,22256.28,0.239,2.0,1,0.85,0.1,71,46,0.23,High,80.0,76.1,0.0
538,26539.0,0.224,0.25,1,0.74,0.22,18,233,0.19,High,88.75,77.60000000000001,10.0
539,39056.64,0.087,1.19,0,0.86,0.18,58,9,0.09,High,94.05,91.3,0.0
540,24807.97,0.28,5.53,2,0.63,0.37,107,190,0.25,High,52.349999999999994,72.0,30.5
541,37521.23,0.338,8.56,1,0.41,0.4,134,163,0.1,High,47.199999999999996,66.19999999999999,44.5
542,19832.64,0.183,0.66,0,0.83,0.14,50,93,0.09,High,96.7,81.69999999999999,0.0
543,34768.24,0.321,0.25,0,0.72,0.25,250,89,0.0,High,98.75,67.9,14.000000000000002
544,42974.12,0.388,8.26,1,0.81,0.2,275,51,0.12,High,48.7,61.199999999999996,4.4999999999999964
545,12000.0,0.121,1.29,0,0.57,0.4,113,189,0.0,High,93.55,87.9,36.5
546,22827.94,0.233,2.47,1,1.03,0.01,40,164,0.32,High,77.65,76.7,0.0
547,35193.65,0.15,9.48,2,0.77,0.3,242,93,0.25,High,32.599999999999994,85.0,16.5
548,28172.59,0.327,0.25,0,0.37,0.4,123,12,0.0,High,98.75,67.30000000000001,46.5
549,33340.31,0.252,3.41,1,0.66,0.38,50,223,0.15,High,72.95,74.8,30.0
550,24564.13,0.272,0.26,1,0.91,0.04,12,82,0.28,High,88.7,72.8,0.0
551,30779.31,0.329,1.72,1,0.94,0.17,235,187,0.09,High,81.4,67.10000000000001,0.0
552,28598.9,0.189,4.79,2,0.7,0.27,38,141,0.34,High,56.05,81.1,17.0
553,40510.04,0.37,2.19,0,1.02,0.02,6,188,0.23,High,89.05,63.0,0.0
554,32289.79,0.237,18.69,3,0.51,0.4,46,202,0.58,Medium,0.0,76.3,39.5
555,33038.42,0.105,2.07,1,0.63,0.36,58,177,0.12,High,79.65,89.5,29.5
556,26293.11,0.294,1.34,0,1.02,0.06,44,146,0.17,High,93.3,70.6,0.0
557,25611.54,0.328,0.9,1,1.02,0.0,257,98,0.12,High,85.5,67.19999999999999,0.0
558,26106.98,0.161,1.21,2,0.85,0.26,230,25,0.16,High,73.95,83.89999999999999,8.5
559,33550.07,0.35,1.75,1,0.99,0.01,116,83,0.24,High,81.25,65.0,0.0
560,26211.14,0.367,0.27,0,0.37,0.4,239,165,0.0,High,98.65,63.3,46.5
561,32607.97,0.147,1.26,1,0.99,0.03,176,193,0.18,High,83.7,85.3,0.0
562,48678.61,0.394,2.48,2,0.56,0.4,257,183,0.05,High,67.6,60.6,37.0
563,37840.12,0.099,3.2,0,0.44,0.4,279,32,0.0,High,84.0,90.10000000000001,43.0
564,27065.79,0.121,2.78,1,0.49,0.4,71,125,0.08,High,76.1,87.9,40.5
565,40810.93,0.114,3.17,1,0.63,0.4,232,30,0.0,High,74.15,88.6,33.5
566,26327.32,0.363,0.03,2,0.5,0.4,69,57,0.16,High,79.85,63.7,40.0
567,12000.0,0.279,0.83,1,0.56,0.4,38,201,0.09,High,85.85,72.1,37.0
568,20927.22,0.103,2.73,0,0.41,0.4,161,26,0.0,High,86.35,89.7,44.5
569,13162.87,0.204,2.0,1,0.54,0.4,151,23,0.01,High,80.0,79.60000000000001,38.0
570,26836.38,0.265,0.02,3,0.76,0.3,29,44,0.4,High,69.9,73.5,17.0
571,30165.77,0.079,3.91,2,0.65,0.28,74,20,0.28,High,60.45,92.10000000000001,20.500000000000004
572,45087.94,0.359,5.62,1,0.58,0.4,250,58,0.0,High,61.900000000000006,64.1,36.0
573,32942.35,0.331,2.91,0,0.9,0.11,103,43,0.1,High,85.45,66.9,0.0
574,28028.1,0.227,0.22,1,1.01,0.0,192,181,0.17,High,88.9,77.3,0.0
575,37464.65,0.388,5.73,2,0.91,0.08,98,57,0.4,High,51.349999999999994,61.199999999999996,0.0
576,12000.0,0.196,2.61,1,0.57,0.4,284,221,0.0,High,76.95,80.4,36.5
577,32120.53,0.394,6.05,2,0.9,0.08,280,77,0.25,High,49.75,60.6,0.0
578,36937.79,0.284,4.76,0,0.42,0.4,19,33,0.02,High,76.2,71.6,44.0
579,16692.72,0.272,5.46,1,0.4,0.4,265,218,0.0,High,62.7,72.8,45.0
580,40293.79,0.108,1.85,1,0.58,0.4,109,149,0.05,High,80.75,89.2,36.0
581,33046.47,0.359,0.57,0,0.95,0.07,70,123,0.12,High,97.15,64.1,0.0
582,26262.41,0.2,3.33,3,0.5,0.4,130,149,0.28,High,53.349999999999994,80.0,40.0
583,35695.04,0.107,2.45,1,0.35,0.4,295,40,0.0,High,77.75,89.3,47.5
584,50436.24,0.054,3.08,1,0.41,0.4,296,150,0.0,High,74.6,94.6,44.5
585,31636.8,0.246,0.6,0,0.99,0.0,98,206,0.12,High,97.0,75.4,0.0
586,32233.99,0.235,0.69,0,0.81,0.14,3,104,0.13,High,96.55,76.5,0.0
587,25865.75,0.302,7.76,1,0.5,0.4,182,57,0.07,High,51.2,69.8,40.0
588,22351.4,0.362,5.28,1,0.74,0.18,183,226,0.14,High,63.599999999999994,63.800000000000004,6.0
589,37473.02,0.078,5.71,1,0.72,0.38,237,236,0.04,High,61.45,92.2,27.0
590,22295.25,0.306,5.02,1,0.82,0.22,10,215,0.29,High,64.9,69.39999999999999,6.000000000000002
591,30644.1,0.116,2.34,1,0.49,0.4,29,145,0.11,High,78.3,88.4,40.5
592,25701.08,0.35,3.98,2,0.99,0.0,148,88,0.37,High,60.099999999999994,65.0,0.0
593,34310.82,0.337,8.1,1,0.55,0.4,93,53,0.15,High,49.5,66.3,37.5
594,33002.96,0.239,2.76,1,0.86,0.05,274,27,0.09,High,76.2,76.1,0.0
595,39337.86,0.299,3.5,3,0.31,0.4,7,128,0.35,High,52.5,70.10000000000001,49.5
596,25409.85,0.16,0.48,0,0.6,0.4,84,132,0.0,High,97.6,84.0,35.0
597,27571.13,0.215,1.97,1,0.58,0.4,221,182,0.0,High,80.15,78.5,36.0
598,21191.13,0.338,4.65,1,0.73,0.24,120,57,0.17,High,66.75,66.19999999999999,12.5
599,26001.36,0.211,0.96,0,0.36,0.4,83,84,0.0,High,95.2,78.9,47.0
600,33395.7,0.175,0.65,2,0.93,0.09,72,134,0.35,High,76.75,82.5,0.0
601,36812.9,0.223,1.17,1,0.47,0.4,117,71,0.01,High,84.15,77.7,41.5
602,21700.51,0.34,1.02,0,0.84,0.09,265,69,0.0,High,94.9,65.99999999999999,0.0
603,37826.45,0.167,0.69,1,0.94,0.0,144,13,0.2,High,86.55,83.3,0.0
604,42200.74,0.111,1.41,2,0.75,0.31,209,219,0.14,High,72.95,88.9,18.5
605,33720.91,0.299,8.34,1,0.89,0.01,113,30,0.33,High,48.3,70.10000000000001,0.0
606,46891.16,0.339,2.61,0,0.83,0.16,114,199,0.06,High,86.95,66.10000000000001,0.0
607,23035.9,0.085,0.51,1,0.58,0.4,45,206,0.09,High,87.45,91.5,36.0
608,18798.11,0.134,0.21,1,0.95,0.03,287,206,0.06,High,88.95,86.6,0.0
609,13991.52,0.1,2.98,0,0.54,0.4,130,210,0.0,High,85.1,90.0,38.0
610,43464.4,0.172,1.38,0,0.76,0.21,187,203,0.0,High,93.1,82.80000000000001,8.0
611,35889.29,0.208,5.24,1,0.9,0.12,231,99,0.15,High,63.8,79.2,0.0
612,29499.74,0.312,3.84,2,0.6,0.4,223,212,0.11,High,60.8,68.8,35.0
613,32519.72,0.278,5.39,1,0.54,0.4,119,184,0.09,High,63.05,72.2,38.0
614,19870.6,0.267,1.06,3,0.67,0.26,72,186,0.37,High,64.7,73.3,17.5
615,52011.77,0.173,3.38,0,0.95,0.05,72,20,0.17,High,83.1,82.69999999999999,0.0
616,31162.99,0.345,1.14,0,1.04,0.0,112,183,0.13,High,94.3,65.5,0.0
617,30984.55,0.215,8.6,2,0.74,0.25,134,204,0.33,High,37.0,78.5,13.0
618,36531.9,0.393,4.01,0,0.83,0.1,58,127,0.15,High,79.95,60.699999999999996,0.0
619,34329.08,0.272,1.32,1,1.02,0.04,91,80,0.26,High,83.4,72.8,0.0
620,32014.96,0.094,0.78,1,0.38,0.4,139,109,0.0,High,86.1,90.60000000000001,46.0
621,22885.73,0.287,0.73,0,0.49,0.4,133,43,0.0,High,96.35,71.30000000000001,40.5
622,34243.22,0.164,3.34,2,0.87,0.15,220,173,0.23,High,63.3,83.6,0.0
623,46938.22,0.29,0.85,2,0.96,0.13,178,199,0.26,High,75.75,71.0,0.0
624,42108.78,0.074,2.15,0,0.99,0.01,173,120,0.08,High,89.25,92.60000000000001,0.0
625,44338.68,0.111,0.79,1,0.63,0.37,102,44,0.06,High,86.05,88.9,30.5
626,25399.06,0.35,4.06,1,0.37,0.4,131,207,0.03,High,69.7,65.0,46.5
627,21093.56,0.13,4.47,1,0.65,0.3,59,113,0.18,High,67.65,87.0,22.5
628,28867.92,0.343,5.59,2,0.48,0.4,183,22,0.15,High,52.05,65.7,41.0
629,30501.52,0.148,3.92,1,0.53,0.4,248,140,0.0,High,70.4,85.2,38.5
630,39847.72,0.275,0.7,0,0.92,0.04,146,123,0.06,High,96.5,72.5,0.0
631,14767.82,0.293,0.32,0,0.36,0.4,53,237,0.0,High,98.4,70.7,47.0
632,43765.95,0.229,3.78,1,0.96,0.01,220,44,0.18,High,71.1,77.10000000000001,0.0
633,28577.93,0.157,1.28,0,0.64,0.27,106,201,0.0,High,93.6,84.3,20.0
634,26158.07,0.124,1.48,1,0.78,0.24,57,40,0.18,High,82.6,87.6,9.999999999999998
635,20891.06,0.062,0.07,2,0.37,0.4,259,56,0.0,High,79.65,93.8,46.5
636,15106.29,0.156,0.84,0,0.57,0.4,158,52,0.0,High,95.8,84.39999999999999,36.5
637,37408.54,0.279,0.12,1,0.37,0.4,55,41,0.03,High,89.4,72.1,46.5
638,30659.86,0.378,8.23,2,1.07,0.0,189,69,0.42,High,38.849999999999994,62.2,0.0
639,18390.35,0.355,1.05,1,0.95,0.09,152,100,0.17,High,84.75,64.5,0.0
640,18344.29,0.318,2.93,1,0.67,0.3,266,222,0.0,High,75.35,68.19999999999999,21.5
641,26977.94,0.326,0.14,1,0.48,0.4,252,110,0.0,High,89.3,67.39999999999999,41.0
642,45021.19,0.283,3.75,2,1.05,0.0,213,18,0.33,High,61.25,71.7,0.0
643,27663.68,0.141,1.06,0,0.58,0.4,27,151,0.0,High,94.7,85.9,36.0
644,16471.71,0.368,8.76,2,0.43,0.4,296,154,0.09,High,36.2,63.2,43.5
645,27788.31,0.285,7.5,1,0.75,0.24,154,117,0.18,High,52.5,71.50000000000001,11.5
646,27545.49,0.246,1.27,0,1.06,0.0,26,70,0.21,High,93.65,75.4,0.0
647,12000.0,0.089,5.65,2,0.3,0.4,254,233,0.05,High,51.75,91.10000000000001,50.0
648,29511.35,0.206,16.86,3,0.49,0.4,62,13,0.54,Medium,0.0,79.4,40.5
649,27921.59,0.211,5.33,2,1.05,0.0,68,53,0.47,High,53.349999999999994,78.9,0.0
650,36265.86,0.353,7.01,1,0.44,0.4,55,90,0.15,High,54.95,64.7,43.0
651,46640.6,0.241,0.92,1,0.39,0.4,108,48,0.0,High,85.4,75.9,45.5
652,40139.09,0.183,2.51,0,0.76,0.31,98,186,0.01,High,87.45,81.69999999999999,18.0
653,27580.0,0.392,0.28,0,0.99,0.04,178,90,0.04,High,98.6,60.8,0.0
654,20041.27,0.089,0.24,1,0.68,0.31,41,160,0.13,High,88.8,91.10000000000001,22.0
655,53160.24,0.198,20.35,4,1.1,0.0,170,24,0.86,Low,0.0,80.2,0.0
656,30532.97,0.065,0.92,0,0.84,0.18,44,28,0.09,High,95.4,93.5,1.0
657,30125.36,0.309,4.89,1,0.36,0.4,106,120,0.06,High,65.55,69.10000000000001,47.0
658,29782.87,0.371,6.34,1,1.09,0.0,206,55,0.26,High,58.3,62.9,0.0
659,31782.76,0.148,5.35,1,0.63,0.4,10,184,0.2,High,63.25,85.2,33.5
660,28700.76,0.35,22.68,4,0.53,0.4,284,48,0.57,Medium,0.0,65.0,38.5
661,24837.04,0.152,0.76,1,0.75,0.18,45,104,0.19,High,86.2,84.8,5.5
662,25078.27,0.369,0.16,0,0.54,0.37,112,109,0.0,High,99.2,63.1,35.0
663,29705.22,0.314,1.89,0,0.37,0.4,212,121,0.0,High,90.55,68.6,46.5
664,25109.18,0.332,0.51,0,0.3,0.4,239,56,0.0,High,97.45,66.8,50.0
665,23584.39,0.056,0.05,0,0.66,0.22,51,111,0.02,High,99.75,94.39999999999999,13.999999999999998
666,30957.87,0.387,1.76,0,0.97,0.01,117,117,0.12,High,91.2,61.3,0.0
667,27705.21,0.304,5.39,5,0.76,0.22,157,202,0.64,Medium,23.049999999999997,69.6,9.0
668,43535.94,0.157,2.32,1,1.1,0.0,139,174,0.26,High,78.4,84.3,0.0
669,12000.0,0.34,1.39,1,0.53,0.4,169,77,0.0,High,83.05,65.99999999999999,38.5
670,39823.56,0.149,2.91,1,0.52,0.4,201,144,0.0,High,75.45,85.1,39.0
671,41214.77,0.355,1.0,0,0.43,0.4,73,85,0.0,High,95.0,64.5,43.5
672,12000.0,0.089,0.04,0,0.43,0.4,9,236,0.0,High,99.8,91.10000000000001,43.5
673,26915.81,0.296,5.03,2,0.53,0.4,202,221,0.13,High,54.849999999999994,70.39999999999999,38.5
674,26657.03,0.239,3.12,1,0.93,0.14,69,218,0.26,High,74.4,76.1,0.0
675,17332.39,0.084,3.48,1,1.02,0.02,140,185,0.25,High,72.6,91.60000000000001,0.0
676,22999.65,0.135,0.11,0,1.08,0.0,244,156,0.01,High,99.45,86.5,0.0
677,20004.82,0.054,4.12,0,0.49,0.4,215,54,0.0,High,79.4,94.6,40.5
678,45770.43,0.214,2.97,2,1.01,0.0,183,171,0.33,High,65.15,78.60000000000001,0.0
679,38421.11,0.155,2.3,0,0.56,0.4,256,52,0.0,High,88.5,84.5,37.0
680,41444.0,0.259,3.23,0,0.39,0.4,103,77,0.0,High,83.85,74.1,45.5
681,36495.05,0.154,5.54,2,1.0,0.01,89,12,0.45,High,52.3,84.6,0.0
682,19838.53,0.155,2.45,1,0.81,0.23,187,71,0.09,High,77.75,84.5,7.4999999999999964
683,25279.32,0.31,3.09,2,0.43,0.4,93,227,0.18,High,64.55,69.0,43.5
684,34404.37,0.067,10.91,2,0.64,0.34,250,82,0.22,High,25.450000000000003,93.30000000000001,27.0
685,19000.85,0.366,5.41,2,0.53,0.39,216,67,0.13,High,52.95,63.4,37.5
686,36416.99,0.348,2.18,0,0.89,0.06,251,220,0.0,High,89.1,65.2,0.0
687,27837.07,0.284,4.2,3,0.66,0.31,128,162,0.36,High,49.0,71.6,23.0
688,26626.61,0.258,1.62,0,1.09,0.0,6,43,0.24,High,91.9,74.2,0.0
689,36398.64,0.362,0.99,0,0.34,0.4,90,130,0.0,High,95.05,63.800000000000004,48.0
690,33998.37,0.115,2.34,0,0.58,0.36,153,234,0.0,High,88.3,88.5,32.0
691,26751.3,0.078,6.29,4,0.69,0.35,178,89,0.46,High,28.549999999999997,92.2,25.500000000000004
692,40433.97,0.134,7.07,1,0.7,0.21,213,166,0.12,High,54.650000000000006,86.6,11.000000000000002
693,20270.43,0.328,1.52,1,0.55,0.4,261,34,0.0,High,82.4,67.19999999999999,37.5
694,35543.42,0.062,1.73,0,0.88,0.11,93,119,0.09,High,91.35,93.8,0.0
695,35337.91,0.254,0.78,1,1.0,0.08,261,84,0.09,High,86.1,74.6,0.0
696,27214.08,0.398,21.69,4,1.05,0.0,193,28,0.85,Low,0.0,60.199999999999996,0.0
697,32935.2,0.349,14.88,3,0.94,0.03,83,111,0.69,Medium,0.0,65.10000000000001,0.0
698,18739.98,0.233,3.32,1,0.98,0.0,140,136,0.25,High,73.4,76.7,0.0
699,38316.24,0.072,3.85,0,0.74,0.25,128,106,0.02,High,80.75,92.80000000000001,13.0
700,28335.88,0.341,4.65,0,0.96,0.02,232,226,0.06,High,76.75,65.9,0.0
701,25295.49,0.26,2.97,1,0.54,0.4,22,178,0.13,High,75.15,74.0,38.0
702,39441.08,0.09,0.13,1,0.62,0.36,51,13,0.09,High,89.35,91.0,30.0
703,23660.91,0.083,1.46,0,0.55,0.34,137,91,0.0,High,92.7,91.7,31.499999999999996
704,17323.85,0.368,4.32,0,0.67,0.38,31,122,0.06,High,78.4,63.2,29.5
705,15990.34,0.284,3.87,2,0.53,0.4,50,34,0.24,High,60.650000000000006,71.6,38.5
706,35454.09,0.34,1.73,2,1.07,0.0,271,7,0.25,High,71.35,65.99999999999999,0.0
707,18476.14,0.358,10.77,3,0.55,0.39,5,238,0.51,Medium,16.150000000000006,64.2,36.5
708,45793.15,0.25,0.6,3,0.38,0.4,260,118,0.11,High,67.0,75.0,46.0
709,12000.0,0.231,2.19,0,0.72,0.31,18,183,0.07,High,89.05,76.9,20.0
710,45268.11,0.201,3.53,1,0.35,0.4,96,70,0.04,High,72.35,79.89999999999999,47.5
711,31899.16,0.161,3.35,0,0.39,0.4,136,113,0.0,High,83.25,83.89999999999999,45.5
712,29129.58,0.202,3.15,3,0.48,0.4,135,25,0.27,High,54.25,79.80000000000001,41.0
713,25095.73,0.321,1.16,2,0.67,0.23,34,185,0.3,High,74.2,67.9,14.499999999999998
714,33592.23,0.261,0.56,0,0.65,0.39,271,218,0.0,High,97.2,73.9,31.5
715,29661.29,0.362,3.85,0,0.94,0.07,27,42,0.2,High,80.75,63.800000000000004,0.0
716,39929.72,0.205,2.77,0,0.89,0.06,61,77,0.15,High,86.15,79.5,0.0
717,31028.05,0.262,0.65,3,0.64,0.29,215,32,0.23,High,66.75,73.8,21.999999999999996
718,31352.72,0.271,4.1,0,0.57,0.4,158,180,0.0,High,79.5,72.89999999999999,36.5
719,26727.49,0.257,2.0,1,0.55,0.4,278,128,0.0,High,80.0,74.3,37.5
720,29487.49,0.296,3.83,1,0.92,0.07,212,232,0.16,High,70.85,70.39999999999999,0.0
721,32770.22,0.133,4.84,1,0.34,0.4,59,139,0.09,High,65.8,86.7,48.0
722,14608.48,0.229,0.59,0,0.31,0.4,187,193,0.0,High,97.05,77.10000000000001,49.5
723,17866.33,0.086,0.05,1,0.94,0.15,56,50,0.21,High,89.75,91.4,0.0
724,36689.38,0.185,4.41,1,0.68,0.34,211,177,0.04,High,67.95,81.5,25.0
725,31537.79,0.221,2.92,1,0.4,0.4,295,88,0.0,High,75.4,77.9,45.0
726,28344.15,0.278,4.08,0,0.49,0.4,254,151,0.0,High,79.6,72.2,40.5
727,30165.91,0.383,7.13,1,1.05,0.0,114,125,0.34,High,54.349999999999994,61.7,0.0
728,33128.24,0.26,5.36,2,0.99,0.0,8,70,0.51,Medium,53.2,74.0,0.0
729,25142.16,0.31,11.51,2,0.87,0.04,193,30,0.41,High,22.450000000000003,69.0,0.0
730,22995.26,0.227,2.41,0,0.69,0.27,281,32,0.0,High,87.95,77.3,17.500000000000004
731,31762.61,0.272,2.25,0,0.72,0.23,15,140,0.1,High,88.75,72.8,12.000000000000002
732,21194.65,0.075,1.22,2,1.08,0.0,46,177,0.44,High,73.9,92.5,0.0
733,33674.27,0.139,0.45,1,1.07,0.0,107,111,0.25,High,87.75,86.1,0.0
734,14676.75,0.177,2.45,0,0.47,0.4,162,162,0.0,High,87.75,82.3,41.5
735,39262.4,0.215,1.0,1,0.95,0.0,156,228,0.19,High,85.0,78.5,0.0
736,34253.38,0.066,5.92,2,0.46,0.4,244,49,0.1,High,50.400000000000006,93.39999999999999,42.0
737,32304.27,0.099,2.18,2,0.47,0.4,183,112,0.09,High,69.1,90.10000000000001,41.5
738,38844.22,0.147,2.46,0,0.84,0.19,16,41,0.13,High,87.7,85.3,2.0
739,44989.27,0.39,1.73,1,0.62,0.38,182,152,0.01,High,81.35,61.0,32.0
740,39129.33,0.166,0.15,2,1.05,0.0,294,11,0.21,High,79.25,83.39999999999999,0.0
741,13432.13,0.219,0.1,2,0.37,0.4,266,158,0.0,High,79.5,78.10000000000001,46.5
742,18483.81,0.119,1.43,1,0.71,0.26,170,164,0.06,High,82.85,88.1,15.500000000000002
743,24376.63,0.264,0.29,0,1.03,0.03,216,14,0.02,High,98.55,73.6,0.0
744,30234.82,0.148,2.56,2,1.02,0.0,152,217,0.36,High,67.2,85.2,0.0
745,34658.93,0.122,5.56,2,0.43,0.4,18,207,0.27,High,52.2,87.8,43.5
746,23468.31,0.231,6.76,1,0.59,0.4,93,170,0.14,High,56.2,76.9,35.5
747,31680.9,0.052,2.43,1,0.8,0.23,122,160,0.14,High,77.85,94.8,7.999999999999998
748,23201.55,0.053,0.54,1,0.43,0.4,255,18,0.0,High,87.3,94.69999999999999,43.5
749,24496.34,0.127,5.23,3,1.07,0.0,62,46,0.6,Medium,43.849999999999994,87.3,0.0
750,17340.05,0.063,5.03,3,1.03,0.05,268,133,0.4,High,44.849999999999994,93.7,0.0
751,21690.9,0.088,0.53,1,0.43,0.4,33,71,0.07,High,87.35,91.2,43.5
752,17834.84,0.169,3.8,0,0.4,0.4,23,90,0.0,High,81.0,83.1,45.0
753,21217.14,0.331,1.23,0,0.37,0.4,221,230,0.0,High,93.85,66.9,46.5
754,39482.78,0.25,5.28,1,1.03,0.0,83,29,0.34,High,63.599999999999994,75.0,0.0
755,21455.41,0.229,18.54,3,0.45,0.4,291,49,0.37,High,0.0,77.10000000000001,42.5
756,53691.44,0.153,0.08,1,0.63,0.4,33,111,0.1,High,89.6,84.7,33.5
757,34439.86,0.376,8.83,1,0.66,0.37,236,103,0.08,High,45.85,62.4,29.0
758,31663.53,0.189,2.87,0,0.78,0.22,38,65,0.1,High,85.65,81.1,7.999999999999998
759,22274.78,0.08,8.71,1,0.36,0.4,134,14,0.09,High,46.449999999999996,92.0,47.0
760,36302.79,0.266,2.08,1,0.48,0.4,134,135,0.02,High,79.6,73.4,41.0
761,24819.26,0.09,4.6,2,1.05,0.0,11,61,0.51,Medium,57.0,91.0,0.0
762,31098.09,0.171,0.18,1,1.03,0.0,32,163,0.3,High,89.1,82.89999999999999,0.0
763,53040.76,0.228,1.28,2,0.93,0.09,117,27,0.32,High,73.6,77.2,0.0
764,29135.46,0.356,0.26,0,0.32,0.4,6,208,0.0,High,98.7,64.4,49.0
765,40343.46,0.223,11.53,3,0.56,0.4,239,86,0.33,High,12.350000000000001,77.7,37.0
766,23671.41,0.296,5.91,1,0.8,0.2,25,105,0.29,High,60.45,70.39999999999999,4.999999999999998
767,29685.1,0.397,7.63,1,0.52,0.4,18,18,0.2,High,51.85,60.3,39.0
768,45937.21,0.096,6.89,1,1.03,0.0,24,76,0.41,High,55.55000000000001,90.4,0.0
769,24357.3,0.146,0.24,1,0.81,0.24,74,21,0.15,High,88.8,85.39999999999999,8.499999999999996
770,46312.04,0.188,1.43,1,0.36,0.4,232,230,0.0,High,82.85,81.2,47.0
771,36369.77,0.198,0.22,0,1.03,0.0,109,50,0.12,High,98.9,80.2,0.0
772,24937.8,0.194,0.7,0,1.07,0.0,210,70,0.05,High,96.5,80.60000000000001,0.0
773,35691.67,0.368,1.0,1,0.36,0.4,210,144,0.0,High,85.0,63.2,47.0
774,38752.99,0.3,2.22,2,0.73,0.18,265,75,0.14,High,68.9,70.0,6.5
775,35596.29,0.263,1.04,1,0.54,0.29,53,153,0.11,High,84.8,73.7,26.999999999999993
776,15867.98,0.158,0.3,0,0.61,0.4,67,104,0.0,High,98.5,84.2,34.5
777,23455.77,0.338,0.68,2,0.44,0.4,267,196,0.0,High,76.6,66.19999999999999,43.0
778,27772.33,0.384,0.62,3,0.76,0.32,177,106,0.28,High,66.9,61.6,19.0
779,29330.1,0.337,13.33,3,1.07,0.0,154,110,0.64,Medium,3.3499999999999943,66.3,0.0
780,35586.05,0.051,3.21,1,0.7,0.28,268,223,0.0,High,73.95,94.89999999999999,18.000000000000007
781,31599.31,0.273,11.55,3,0.37,0.4,165,145,0.35,High,12.25,72.7,46.5
782,17981.9,0.068,1.36,0,0.8,0.23,240,195,0.0,High,93.2,93.19999999999999,7.999999999999998
783,33421.78,0.14,0.88,0,0.57,0.37,201,99,0.0,High,95.6,86.0,33.5
784,35495.27,0.071,3.77,1,0.98,0.01,18,225,0.35,High,71.15,92.9,0.0
785,35038.11,0.261,1.31,1,0.65,0.3,298,224,0.0,High,83.45,73.9,22.5
786,39727.03,0.29,1.23,0,0.45,0.4,278,47,0.0,High,93.85,71.0,42.5
787,37505.3,0.09,0.65,0,0.45,0.4,241,88,0.0,High,96.75,91.0,42.5
788,34132.62,0.184,0.41,1,0.92,0.08,71,202,0.23,High,87.95,81.60000000000001,0.0
789,29368.51,0.21,0.9,0,0.51,0.4,8,191,0.0,High,95.5,79.0,39.5
790,15051.35,0.179,1.27,0,0.91,0.09,222,138,0.0,High,93.65,82.1,0.0
791,33866.56,0.092,2.76,0,0.46,0.4,256,110,0.0,High,86.2,90.8,42.0
792,31869.19,0.197,0.19,2,0.56,0.4,297,160,0.0,High,79.05,80.3,37.0
793,32444.21,0.313,0.84,2,0.67,0.39,109,33,0.18,High,75.8,68.7,30.5
794,18509.26,0.075,3.93,2,1.05,0.0,297,31,0.26,High,60.349999999999994,92.5,0.0
795,20270.49,0.078,0.38,0,1.05,0.03,120,224,0.11,High,98.1,92.2,0.0
796,39478.38,0.174,1.2,2,0.47,0.4,170,121,0.09,High,74.0,82.60000000000001,41.5
797,29644.0,0.38,7.8,1,0.59,0.4,253,54,0.02,High,51.0,62.0,35.5
798,36133.51,0.284,0.58,1,0.42,0.4,84,239,0.02,High,87.1,71.6,44.0
799,30254.87,0.288,0.3,2,0.71,0.14,56,154,0.3,High,78.5,71.2,3.5000000000000036
800,30267.81,0.177,1.91,1,0.67,0.28,242,6,0.0,High,80.45,82.3,19.5
801,38444.55,0.258,1.18,0,1.02,0.01,14,97,0.21,High,94.1,74.2,0.0
802,25355.6,0.054,1.88,0,1.04,0.0,211,63,0.06,High,90.6,94.6,0.0
803,30865.09,0.273,5.48,3,0.61,0.33,167,84,0.33,High,42.599999999999994,72.7,27.5
804,25839.52,0.37,0.57,1,0.69,0.32,296,188,0.0,High,87.15,63.0,22.500000000000004
805,26089.53,0.264,2.89,1,1.02,0.01,9,86,0.36,High,75.55,73.6,0.0
806,27217.45,0.356,2.66,2,0.95,0.05,80,31,0.39,High,66.7,64.4,0.0
807,31999.2,0.303,0.55,0,0.3,0.4,67,217,0.0,High,97.25,69.7,50.0
808,25691.26,0.092,2.41,1,0.56,0.4,104,158,0.06,High,77.95,90.8,37.0
809,41301.81,0.366,1.22,0,0.64,0.36,289,82,0.0,High,93.9,63.4,29.0
810,21948.53,0.073,1.58,0,0.48,0.4,173,166,0.0,High,92.1,92.7,41.0
811,28318.16,0.237,0.27,0,0.46,0.4,79,222,0.0,High,98.65,76.3,42.0
812,26042.42,0.1,1.54,1,0.33,0.4,50,77,0.05,High,82.3,90.0,48.5
813,43022.8,0.054,0.83,2,0.81,0.12,257,74,0.17,High,75.85,94.6,0.0
814,31768.99,0.198,5.16,2,0.51,0.4,84,11,0.23,High,54.2,80.2,39.5
815,39286.6,0.153,0.16,0,0.34,0.4,211,28,0.0,High,99.2,84.7,48.0
816,16629.96,0.22,1.68,1,0.48,0.4,211,163,0.0,High,81.6,78.0,41.0
817,32403.45,0.252,2.0,0,0.94,0.03,86,211,0.14,High,90.0,74.8,0.0
818,38006.68,0.065,3.0,1,0.98,0.02,12,59,0.34,High,75.0,93.5,0.0
819,30740.56,0.093,2.11,0,0.69,0.33,31,92,0.04,High,89.45,90.7,23.500000000000004
820,39589.32,0.246,3.55,3,0.63,0.35,118,16,0.34,High,52.25,75.4,28.5
821,25344.4,0.17,4.28,2,1.08,0.0,271,164,0.29,High,58.599999999999994,83.0,0.0
822,42684.13,0.305,6.99,2,0.46,0.4,49,139,0.28,High,45.05,69.5,42.0
823,50690.08,0.278,1.28,0,0.47,0.4,93,16,0.0,High,93.6,72.2,41.5
824,26734.45,0.346,2.88,1,0.53,0.32,55,82,0.13,High,75.6,65.4,30.5
825,25990.48,0.292,6.35,2,0.44,0.4,220,17,0.12,High,48.25,70.8,43.0
826,43080.46,0.2,13.67,4,0.6,0.4,79,199,0.62,Medium,0.0,80.0,35.0
827,44216.15,0.286,7.55,1,1.03,0.0,206,58,0.27,High,52.25,71.39999999999999,0.0
828,25294.26,0.146,1.27,2,0.79,0.27,46,104,0.3,High,73.65,85.39999999999999,12.499999999999998
829,26218.32,0.157,0.6,0,0.63,0.27,158,41,0.0,High,97.0,84.3,20.5
830,27463.94,0.326,2.44,1,1.05,0.0,4,150,0.36,High,77.8,67.39999999999999,0.0
831,17899.95,0.206,4.1,0,0.34,0.4,59,33,0.0,High,79.5,79.4,48.0
832,21732.13,0.329,2.47,1,0.47,0.4,292,225,0.0,High,77.65,67.10000000000001,41.5
833,20962.73,0.338,2.44,0,0.75,0.19,60,155,0.08,High,87.8,66.19999999999999,6.5
834,23089.82,0.35,6.83,1,0.79,0.19,256,107,0.11,High,55.849999999999994,65.0,4.499999999999998
835,29687.84,0.371,1.73,0,0.33,0.4,182,12,0.0,High,91.35,62.9,48.5
836,32107.93,0.201,5.9,1,0.62,0.3,159,20,0.11,High,60.5,79.89999999999999,24.0
837,43954.5,0.162,1.47,1,0.82,0.21,37,229,0.21,High,82.65,83.8,5.000000000000002
838,21014.81,0.254,1.3,0,0.86,0.01,77,144,0.12,High,93.5,74.6,0.0
839,38858.9,0.18,1.75,0,0.81,0.21,291,29,0.0,High,91.25,82.0,5.4999999999999964
840,28074.1,0.26,4.75,1,0.56,0.39,77,200,0.12,High,66.25,74.0,36.0
841,29554.83,0.297,0.47,0,0.37,0.4,80,35,0.0,High,97.65,70.30000000000001,46.5
842,36073.38,0.291,0.76,2,0.64,0.39,257,203,0.05,High,76.2,70.9,32.0
843,19895.5,0.181,8.79,3,0.4,0.4,267,71,0.23,High,26.050000000000004,81.89999999999999,45.0
844,33441.69,0.108,0.49,0,1.06,0.0,69,66,0.16,High,97.55,89.2,0.0
845,31498.07,0.201,2.52,1,0.68,0.37,223,83,0.0,High,77.4,79.89999999999999,28.0
846,34432.06,0.1,2.16,1,0.55,0.36,166,46,0.02,High,79.2,90.0,33.5
847,32602.52,0.362,2.56,0,0.91,0.1,222,87,0.01,High,87.2,63.800000000000004,0.0
848,52097.7,0.171,2.95,1,0.7,0.26,174,56,0.08,High,75.25,82.89999999999999,16.0
849,24260.34,0.104,0.66,1,0.55,0.4,256,177,0.0,High,86.7,89.60000000000001,37.5
850,25221.03,0.059,1.85,0,0.95,0.08,212,100,0.02,High,90.75,94.10000000000001,0.0
851,24391.74,0.276,1.57,0,0.99,0.04,190,18,0.05,High,92.15,72.39999999999999,0.0
852,25000.71,0.273,3.65,1,0.84,0.24,193,95,0.11,High,71.75,72.7,7.0
853,24263.52,0.169,0.43,0,0.34,0.4,217,145,0.0,High,97.85,83.1,48.0
854,40701.15,0.075,2.01,0,0.75,0.24,88,87,0.04,High,89.95,92.5,11.5
855,42784.54,0.193,0.61,1,0.91,0.09,108,14,0.19,High,86.95,80.69999999999999,0.0
856,24863.28,0.159,0.91,0,0.41,0.4,298,218,0.0,High,95.45,84.1,44.5
857,22508.8,0.287,0.85,0,0.48,0.4,21,53,0.0,High,95.75,71.30000000000001,41.0
858,34242.74,0.262,0.67,0,1.01,0.03,49,54,0.16,High,96.65,73.8,0.0
859,25029.99,0.178,5.05,1,0.32,0.4,67,58,0.08,High,64.75,82.2,49.0
860,35696.39,0.126,0.89,0,0.9,0.19,148,189,0.01,High,95.55,87.4,0.0
861,31826.31,0.396,10.42,3,0.68,0.32,288,45,0.31,High,17.9,60.4,23.0
862,16358.3,0.209,10.67,2,0.66,0.26,68,112,0.4,High,26.65,79.10000000000001,18.0
863,43927.55,0.291,2.93,0,0.31,0.4,7,29,0.0,High,85.35,70.9,49.5
864,46162.9,0.099,0.39,3,0.96,0.0,95,231,0.48,High,68.05,90.10000000000001,0.0
865,24484.9,0.22,1.45,0,0.59,0.36,96,205,0.0,High,92.75,78.0,31.5
866,26510.69,0.06,3.67,0,0.73,0.26,108,113,0.03,High,81.65,94.0,14.5
867,32572.79,0.227,1.44,0,0.84,0.23,135,38,0.01,High,92.8,77.3,6.0
868,33010.11,0.387,0.36,1,0.86,0.16,81,28,0.18,High,88.2,61.3,0.0
869,35926.9,0.184,2.38,2,1.06,0.0,214,82,0.31,High,68.1,81.60000000000001,0.0
870,48091.84,0.064,4.32,1,0.73,0.22,10,59,0.26,High,68.4,93.6,10.5
871,28407.47,0.061,3.66,0,0.62,0.34,161,58,0.0,High,81.7,93.9,28.0
872,22815.32,0.186,0.56,1,1.06,0.0,270,54,0.12,High,87.2,81.4,0.0
873,17586.13,0.106,2.83,0,0.81,0.15,151,211,0.03,High,85.85,89.4,0.0
874,23421.63,0.058,0.57,0,0.54,0.4,93,83,0.0,High,97.15,94.19999999999999,38.0
875,29701.86,0.315,0.88,2,0.4,0.4,238,85,0.02,High,75.6,68.5,45.0
876,46151.02,0.21,6.32,2,0.97,0.01,291,182,0.28,High,48.400000000000006,79.0,0.0
877,25341.5,0.151,0.79,0,0.59,0.38,170,107,0.0,High,96.05,84.89999999999999,33.5
878,32014.09,0.365,1.17,3,0.83,0.18,195,127,0.33,High,64.15,63.5,1.5000000000000036
879,29852.19,0.091,0.0,1,0.68,0.31,189,193,0.01,High,90.0,90.9,22.0
880,40695.54,0.385,8.02,2,0.46,0.4,273,108,0.1,High,39.900000000000006,61.5,42.0
881,52742.39,0.16,4.4,1,0.78,0.22,116,95,0.18,High,68.0,84.0,7.999999999999998
882,25222.18,0.361,3.76,0,0.35,0.4,13,95,0.0,High,81.2,63.9,47.5
883,25595.05,0.261,4.59,1,0.63,0.29,57,198,0.18,High,67.05,73.9,22.499999999999996
884,39397.45,0.339,0.61,2,0.74,0.23,260,165,0.11,High,76.95,66.10000000000001,11.0
885,36137.02,0.394,2.44,1,0.65,0.38,67,126,0.12,High,77.8,60.6,30.5
886,46620.37,0.151,1.19,0,0.9,0.04,174,212,0.04,High,94.05,84.89999999999999,0.0
887,35255.35,0.386,0.39,0,0.96,0.0,274,154,0.0,High,98.05,61.4,0.0
888,26766.37,0.186,1.95,1,0.92,0.07,152,151,0.19,High,80.25,81.4,0.0
889,35315.89,0.185,7.41,1,0.33,0.4,148,227,0.05,High,52.95,81.5,48.5
890,39978.33,0.169,0.12,1,0.46,0.4,211,65,0.0,High,89.4,83.1,42.0
891,37384.34,0.239,1.1,0,0.73,0.3,288,127,0.0,High,94.5,76.1,18.5
892,34565.47,0.104,0.59,1,1.05,0.01,12,146,0.33,High,87.05,89.60000000000001,0.0
893,39600.07,0.244,0.88,3,0.97,0.05,229,157,0.36,High,65.6,75.6,0.0
894,40523.66,0.24,7.65,4,0.97,0.0,188,35,0.63,Medium,21.75,76.0,0.0
895,42439.43,0.317,2.26,2,0.54,0.4,64,135,0.21,High,68.7,68.30000000000001,38.0
896,35838.39,0.342,2.33,1,0.64,0.35,87,88,0.11,High,78.35,65.8,28.0
897,28495.94,0.204,4.32,1,0.68,0.34,136,116,0.1,High,68.4,79.60000000000001,25.0
898,31320.42,0.156,0.47,1,0.43,0.4,299,113,0.0,High,87.65,84.39999999999999,43.5
899,40858.58,0.141,1.81,0,0.32,0.4,173,116,0.0,High,90.95,85.9,49.0
900,22647.58,0.118,1.46,0,1.06,0.0,215,30,0.05,High,92.7,88.2,0.0
901,33318.06,0.07,2.14,1,0.49,0.4,20,55,0.11,High,79.3,93.0,40.5
902,26459.95,0.17,22.01,6,0.49,0.4,62,19,0.98,Low,0.0,83.0,40.5
903,30258.7,0.145,4.0,0,0.37,0.4,90,139,0.0,High,80.0,85.5,46.5
904,41506.07,0.388,2.0,0,1.04,0.0,29,81,0.21,High,90.0,61.199999999999996,0.0
905,31719.89,0.245,5.67,3,0.76,0.22,70,89,0.47,High,41.650000000000006,75.5,9.0
906,30417.93,0.172,0.53,0,0.83,0.09,280,92,0.0,High,97.35,82.80000000000001,0.0
907,17761.29,0.253,0.1,3,1.03,0.0,42,163,0.53,Medium,69.5,74.7,0.0
908,36716.28,0.099,0.57,0,0.58,0.4,111,35,0.0,High,97.15,90.10000000000001,36.0
909,35809.36,0.205,1.26,0,0.8,0.18,76,171,0.06,High,93.7,79.5,2.9999999999999982
910,49469.29,0.269,2.39,0,0.33,0.4,68,63,0.0,High,88.05,73.1,48.5
911,27230.0,0.221,2.97,0,0.45,0.4,170,99,0.0,High,85.15,77.9,42.5
912,31972.35,0.191,7.13,1,0.96,0.03,264,46,0.19,High,54.349999999999994,80.89999999999999,0.0
913,32244.45,0.398,2.84,0,0.91,0.06,276,99,0.0,High,85.8,60.199999999999996,0.0
914,44197.08,0.358,2.64,0,0.58,0.4,239,62,0.0,High,86.8,64.2,36.0
915,29142.34,0.268,0.17,3,0.6,0.4,217,169,0.18,High,69.15,73.2,35.0
916,32511.19,0.249,0.12,0,0.73,0.34,288,69,0.0,High,99.4,75.1,22.5
917,35471.07,0.267,2.67,1,0.3,0.4,151,103,0.0,High,76.65,73.3,50.0
918,31679.48,0.12,1.5,1,0.49,0.4,109,21,0.03,High,82.5,88.0,40.5
919,25982.1,0.188,5.38,2,0.47,0.4,143,93,0.17,High,53.099999999999994,81.2,41.5
920,31746.81,0.064,0.41,0,0.5,0.4,78,83,0.0,High,97.95,93.6,40.0
921,39662.69,0.216,0.08,1,0.94,0.04,11,95,0.29,High,89.6,78.4,0.0
922,20761.36,0.24,1.91,2,0.52,0.4,198,77,0.09,High,70.45,76.0,39.0
923,31196.73,0.13,0.72,2,0.45,0.4,297,19,0.0,High,76.4,87.0,42.5
924,23698.91,0.387,0.2,2,0.7,0.3,282,36,0.06,High,79.0,61.3,20.0
925,40755.42,0.368,4.95,0,0.99,0.03,120,71,0.16,High,75.25,63.2,0.0
926,16291.32,0.303,0.42,3,0.49,0.4,292,117,0.1,High,67.9,69.7,40.5
927,24969.7,0.237,2.98,0,0.36,0.4,63,73,0.0,High,85.1,76.3,47.0
928,33394.91,0.354,1.24,0,0.59,0.36,53,198,0.0,High,93.8,64.60000000000001,31.5
929,44089.72,0.096,0.47,2,0.9,0.04,54,60,0.37,High,77.65,90.4,0.0
930,29408.25,0.327,1.74,0,0.74,0.27,124,217,0.0,High,91.3,67.30000000000001,15.0
931,25003.2,0.094,3.99,0,0.95,0.01,169,128,0.11,High,80.05,90.60000000000001,0.0
932,46930.41,0.328,1.81,1,1.07,0.0,10,211,0.35,High,80.95,67.19999999999999,0.0
933,16967.87,0.147,3.8,1,0.93,0.01,47,173,0.32,High,71.0,85.3,0.0
934,12000.0,0.357,0.51,1,0.78,0.17,247,158,0.03,High,87.45,64.3,2.9999999999999982
935,33960.13,0.38,5.78,2,0.69,0.34,286,30,0.12,High,51.099999999999994,62.0,24.500000000000004
936,25481.51,0.102,0.68,1,0.33,0.4,109,136,0.0,High,86.6,89.8,48.5
937,20808.9,0.212,3.46,2,1.09,0.0,29,74,0.49,High,62.7,78.8,0.0
938,36375.21,0.393,3.31,0,0.61,0.36,195,107,0.0,High,83.45,60.699999999999996,30.5
939,32194.21,0.219,8.2,1,0.42,0.4,64,123,0.15,High,49.0,78.10000000000001,44.0
940,24923.29,0.352,1.84,0,0.83,0.21,64,31,0.08,High,90.8,64.8,4.5000000000000036
941,18477.26,0.256,0.22,1,0.53,0.4,284,45,0.0,High,88.9,74.4,38.5
942,37852.12,0.181,0.06,3,0.77,0.29,123,43,0.33,High,69.7,81.89999999999999,15.499999999999996
943,35851.81,0.15,4.82,1,0.77,0.23,282,171,0.04,High,65.9,85.0,9.5
944,29107.42,0.121,1.94,2,0.66,0.38,41,201,0.25,High,70.3,87.9,30.0
945,46619.73,0.317,5.35,1,0.97,0.02,279,12,0.15,High,63.25,68.30000000000001,0.0
946,20369.24,0.185,0.78,2,0.51,0.4,96,227,0.15,High,76.1,81.5,39.5
947,16270.27,0.229,1.33,1,0.66,0.28,117,163,0.09,High,83.35,77.10000000000001,20.0
948,23772.83,0.222,0.1,0,0.73,0.26,178,125,0.0,High,99.5,77.8,14.5
949,29589.73,0.252,10.62,5,0.83,0.23,123,152,0.75,Low,0.0,74.8,6.5000000000000036
950,32190.06,0.353,4.15,1,0.93,0.0,15,236,0.36,High,69.25,64.7,0.0
951,27828.88,0.393,10.73,2,0.62,0.38,165,40,0.27,High,26.349999999999994,60.699999999999996,32.0
952,33168.5,0.193,0.91,1,0.82,0.16,277,237,0.02,High,85.45,80.69999999999999,1.7763568394002505e-15
953,18736.15,0.34,3.5,1,0.42,0.4,178,166,0.0,High,72.5,65.99999999999999,44.0
954,42993.88,0.318,4.07,0,1.05,0.01,175,166,0.12,High,79.65,68.19999999999999,0.0
955,29260.64,0.251,1.24,0,0.61,0.4,277,83,0.0,High,93.8,74.9,34.5
956,40055.66,0.385,7.39,1,0.88,0.13,66,43,0.31,High,53.050000000000004,61.5,0.0
957,33084.53,0.12,7.65,1,0.32,0.4,103,143,0.09,High,51.75,88.0,49.0
958,34110.78,0.088,5.28,3,0.46,0.4,68,190,0.36,High,43.599999999999994,91.2,42.0
959,35127.91,0.349,5.03,1,0.69,0.32,47,33,0.2,High,64.85,65.10000000000001,22.500000000000004
960,34029.38,0.204,0.98,2,1.0,0.07,89,211,0.36,High,75.1,79.60000000000001,0.0
961,35784.5,0.346,1.23,0,0.72,0.24,69,105,0.03,High,93.85,65.4,13.000000000000002
962,41962.37,0.363,12.61,3,1.04,0.0,261,43,0.54,Medium,6.950000000000003,63.7,0.0
963,31768.69,0.072,0.02,0,0.69,0.31,207,149,0.0,High,99.9,92.80000000000001,21.500000000000004
964,36381.03,0.359,4.78,2,0.69,0.36,180,129,0.19,High,56.099999999999994,64.1,26.500000000000004
965,29192.38,0.207,3.72,2,0.4,0.4,282,154,0.02,High,61.400000000000006,79.3,45.0
966,42961.05,0.229,3.06,0,0.94,0.11,19,97,0.19,High,84.7,77.10000000000001,0.0
967,23912.47,0.269,15.45,3,0.5,0.4,298,102,0.32,High,0.0,73.1,40.0
968,46208.46,0.374,1.45,0,1.02,0.01,204,11,0.05,High,92.75,62.6,0.0
969,29638.58,0.057,0.95,3,1.03,0.0,174,174,0.43,High,65.25,94.3,0.0
970,17123.02,0.217,0.25,0,1.05,0.03,264,132,0.0,High,98.75,78.3,0.0
971,31152.94,0.291,2.02,0,0.72,0.35,196,20,0.0,High,89.9,70.9,24.0
972,23870.54,0.303,1.06,2,0.84,0.16,151,113,0.25,High,74.7,69.7,0.0
973,37565.79,0.292,1.46,3,0.92,0.01,37,136,0.53,Medium,62.7,70.8,0.0
974,24126.38,0.097,4.47,2,0.4,0.4,31,48,0.24,High,57.650000000000006,90.3,45.0
975,25984.35,0.155,7.6,2,0.78,0.23,265,52,0.22,High,42.0,84.5,8.999999999999998
976,12994.13,0.176,0.59,1,0.33,0.4,223,104,0.0,High,87.05,82.4,48.5
977,25929.24,0.332,1.7,1,0.7,0.22,55,19,0.17,High,81.5,66.8,12.000000000000002
978,12000.0,0.148,7.23,2,0.42,0.4,281,199,0.08,High,43.849999999999994,85.2,44.0
979,15744.87,0.124,0.17,0,0.45,0.4,78,162,0.0,High,99.15,87.6,42.5
980,36843.73,0.385,0.38,2,0.59,0.4,178,137,0.1,High,78.1,61.5,35.5
981,37072.2,0.053,0.4,0,0.65,0.4,12,159,0.01,High,98.0,94.69999999999999,32.5
982,33829.12,0.399,3.61,1,0.8,0.23,119,120,0.17,High,71.95,60.099999999999994,7.999999999999998
983,21297.21,0.287,0.56,1,0.36,0.4,282,145,0.0,High,87.2,71.30000000000001,47.0
984,29570.6,0.34,12.74,3,0.7,0.32,220,7,0.41,High,6.299999999999997,65.99999999999999,22.0
985,29967.58,0.153,1.64,0,0.45,0.4,177,150,0.0,High,91.8,84.7,42.5
986,19574.72,0.055,1.58,1,0.76,0.28,236,40,0.02,High,82.1,94.5,15.000000000000004
987,43530.58,0.308,1.0,1,0.81,0.19,254,15,0.03,High,85.0,69.19999999999999,3.4999999999999964
988,37896.26,0.342,2.36,0,0.75,0.31,297,117,0.0,High,88.2,65.8,18.5
989,28011.32,0.309,3.85,0,0.89,0.15,8,219,0.18,High,80.75,69.10000000000001,0.0
990,30241.97,0.1,3.48,1,0.57,0.4,23,238,0.15,High,72.6,90.0,36.5
991,31875.45,0.314,5.0,1,0.91,0.08,75,176,0.29,High,65.0,68.6,0.0
992,12000.0,0.319,3.1,0,0.65,0.4,38,26,0.02,High,84.5,68.10000000000001,32.5
993,27775.4,0.28,7.99,2,0.69,0.28,235,20,0.22,High,40.05,72.0,18.500000000000007
994,23862.14,0.318,6.11,2,0.82,0.11,218,168,0.28,High,49.45,68.19999999999999,0.0
995,20985.42,0.346,5.28,2,0.31,0.4,208,117,0.09,High,53.599999999999994,65.4,49.5
996,27470.1,0.265,0.19,2,0.82,0.14,46,131,0.33,High,79.05,73.5,0.0
997,46179.18,0.081,0.02,1,0.79,0.24,93,90,0.13,High,89.9,91.9,9.499999999999998
998,35767.59,0.221,0.74,2,0.55,0.4,95,90,0.16,High,76.3,77.9,37.5
999,24859.39,0.077,2.6,0,0.37,0.4,85,218,0.0,High,87.0,92.30000000000001,46.5
1000,35153.25,0.193,1.57,0,0.37,0.4,284,193,0.0,High,92.15,80.69999999999999,46.5
1001,42594.2,0.192,1.53,0,1.04,0.0,23,177,0.21,High,92.35,80.80000000000001,0.0
1002,38321.7,0.073,5.11,1,0.85,0.1,230,229,0.15,High,64.45,92.7,0.0
1003,30536.67,0.172,6.46,1,0.4,0.4,132,10,0.07,High,57.7,82.80000000000001,45.0
1004,24177.57,0.089,5.86,1,0.59,0.4,177,236,0.06,High,60.7,91.10000000000001,35.5
1005,36284.01,0.333,1.38,1,0.77,0.25,110,206,0.13,High,83.1,66.7,11.5
1006,33541.37,0.382,4.59,0,0.97,0.05,285,122,0.01,High,77.05,61.8,0.0
1007,38056.74,0.075,0.75,1,0.33,0.4,73,151,0.02,High,86.25,92.5,48.5
1008,35716.55,0.384,0.83,0,0.49,0.4,52,154,0.0,High,95.85,61.6,40.5
1009,39445.97,0.233,0.65,0,1.01,0.04,97,77,0.12,High,96.75,76.7,0.0
1010,25182.88,0.155,1.16,2,0.31,0.4,281,231,0.0,High,74.2,84.5,49.5
1011,41856.55,0.077,1.34,1,0.46,0.4,134,79,0.0,High,83.3,92.30000000000001,42.0
1012,31778.4,0.225,5.56,3,1.07,0.01,278,56,0.42,High,42.2,77.5,0.0
1013,48677.35,0.328,0.46,0,0.79,0.25,15,174,0.08,High,97.7,67.19999999999999,10.499999999999998
1014,23797.31,0.297,4.63,0,0.51,0.4,5,29,0.05,High,76.85,70.30000000000001,39.5
1015,45623.67,0.068,1.77,1,0.35,0.4,226,237,0.0,High,81.15,93.19999999999999,47.5
1016,31781.2,0.076,0.81,3,0.32,0.4,177,157,0.17,High,65.95,92.4,49.0
1017,24137.24,0.191,2.01,4,0.5,0.4,92,229,0.41,High,49.95,80.89999999999999,40.0
1018,25645.03,0.153,0.99,0,1.01,0.02,243,230,0.01,High,95.05,84.7,0.0
1019,27116.87,0.131,2.41,1,0.63,0.4,37,43,0.13,High,77.95,86.9,33.5
1020,33817.49,0.148,1.56,2,0.88,0.25,16,49,0.35,High,72.2,85.2,6.0
1021,34705.52,0.331,0.66,1,1.03,0.0,197,190,0.17,High,86.7,66.9,0.0
1022,24836.7,0.375,0.48,0,0.63,0.27,215,192,0.0,High,97.6,62.5,20.5
1023,29780.81,0.192,2.34,0,0.45,0.4,5,167,0.0,High,88.3,80.80000000000001,42.5
1024,49280.43,0.367,8.93,4,0.71,0.38,181,80,0.49,High,15.350000000000001,63.3,27.5
1025,45547.89,0.163,1.19,2,1.03,0.01,42,100,0.43,High,74.05,83.7,0.0
1026,33926.91,0.217,4.07,0,0.94,0.08,166,215,0.09,High,79.65,78.3,0.0
1027,30342.03,0.129,2.84,0,0.35,0.4,237,28,0.0,High,85.8,87.1,47.5
1028,31080.28,0.274,9.04,3,0.85,0.09,259,129,0.42,High,24.800000000000004,72.6,0.0
1029,35521.66,0.393,6.82,1,0.76,0.33,118,91,0.18,High,55.900000000000006,60.699999999999996,20.0
1030,20794.87,0.261,2.76,1,1.03,0.0,54,48,0.32,High,76.2,73.9,0.0
1031,27683.61,0.175,3.08,0,0.4,0.4,144,215,0.0,High,84.6,82.5,45.0
1032,14982.74,0.277,7.74,2,0.73,0.21,88,45,0.37,High,41.3,72.3,9.5
1033,33593.01,0.093,1.26,1,1.0,0.0,48,52,0.3,High,83.7,90.7,0.0
1034,35824.76,0.361,1.51,1,0.63,0.4,240,174,0.0,High,82.45,63.9,33.5
1035,25651.32,0.226,0.03,1,0.69,0.3,12,180,0.16,High,89.85,77.4,20.500000000000004
1036,44165.88,0.207,5.32,1,0.36,0.4,154,236,0.02,High,63.400000000000006,79.3,47.0
1037,18968.11,0.255,5.29,2,0.52,0.4,63,25,0.25,High,53.55,74.5,39.0
1038,16820.63,0.269,0.37,2,0.56,0.37,20,210,0.23,High,78.15,73.1,34.0
1039,32020.07,0.075,2.04,0,1.06,0.0,88,114,0.17,High,89.8,92.5,0.0
1040,39423.88,0.289,2.15,3,0.53,0.4,139,198,0.26,High,59.25,71.10000000000001,38.5
1041,45155.35,0.135,0.34,1,0.67,0.31,232,73,0.0,High,88.3,86.5,22.5
1042,25870.04,0.3,13.79,4,0.84,0.2,130,29,0.69,Medium,0.0,70.0,3.0
1043,39708.13,0.338,0.89,0,0.43,0.4,106,233,0.0,High,95.55,66.19999999999999,43.5
1044,29653.42,0.331,0.25,0,0.69,0.37,188,41,0.0,High,98.75,66.9,27.500000000000004
1045,28446.35,0.243,2.91,0,0.89,0.03,180,50,0.06,High,85.45,75.7,0.0
1046,37952.94,0.232,4.24,1,0.99,0.0,8,135,0.38,High,68.8,76.8,0.0
1047,35870.91,0.1,0.08,0,0.8,0.23,38,33,0.06,High,99.6,90.0,7.999999999999998
1048,15812.47,0.321,3.88,0,0.84,0.19,283,159,0.0,High,80.6,67.9,2.0
1049,43288.86,0.145,2.07,2,0.4,0.4,16,28,0.22,High,69.65,85.5,45.0
1050,42420.82,0.224,0.34,0,1.06,0.0,239,212,0.02,High,98.3,77.60000000000001,0.0
1051,24369.94,0.149,0.52,2,0.41,0.4,287,169,0.0,High,77.4,85.1,44.5
1052,33562.23,0.097,2.08,0,0.92,0.1,52,96,0.14,High,89.6,90.3,0.0
1053,34446.27,0.27,1.18,0,0.51,0.4,263,139,0.0,High,94.1,73.0,39.5
1054,32346.06,0.069,6.53,1,1.05,0.0,112,168,0.33,High,57.349999999999994,93.10000000000001,0.0
1055,25047.25,0.312,6.08,3,0.88,0.14,199,108,0.42,High,39.599999999999994,68.8,0.0
1056,23955.39,0.161,11.53,3,0.9,0.01,254,43,0.5,High,12.350000000000001,83.89999999999999,0.0
1057,29770.01,0.05,0.68,2,0.48,0.4,90,168,0.15,High,76.6,95.0,41.0
1058,40554.56,0.229,11.0,2,0.65,0.26,28,233,0.44,High,25.0,77.10000000000001,18.5
1059,34892.4,0.066,1.32,1,0.79,0.22,264,207,0.01,High,83.4,93.39999999999999,7.499999999999998
1060,26664.47,0.147,1.17,0,0.92,0.06,146,99,0.06,High,94.15,85.3,0.0
1061,36945.29,0.297,0.18,2,0.38,0.4,62,58,0.15,High,79.1,70.30000000000001,46.0
1062,12000.0,0.072,0.13,1,1.07,0.0,270,238,0.11,High,89.35,92.80000000000001,0.0
1063,40338.89,0.344,4.38,2,1.01,0.0,77,43,0.44,High,58.099999999999994,65.60000000000001,0.0
1064,14342.58,0.051,1.38,0,0.52,0.4,5,226,0.0,High,93.1,94.89999999999999,39.0
1065,26738.03,0.136,0.69,1,0.96,0.0,65,192,0.27,High,86.55,86.4,0.0
1066,19922.97,0.309,3.38,0,0.71,0.34,238,48,0.0,High,83.1,69.10000000000001,23.5
1067,18347.87,0.161,0.82,0,0.67,0.4,231,108,0.0,High,95.9,83.89999999999999,31.5
1068,40447.44,0.086,2.09,0,0.55,0.33,277,119,0.0,High,89.55,91.4,30.499999999999996
1069,25790.69,0.176,1.28,0,0.76,0.21,20,9,0.09,High,93.6,82.4,8.0
1070,33118.53,0.145,4.72,1,0.88,0.1,82,10,0.27,High,66.4,85.5,0.0
1071,29577.71,0.345,6.4,1,0.63,0.36,217,73,0.05,High,58.0,65.5,29.5
1072,34293.37,0.16,1.82,1,0.8,0.25,173,233,0.09,High,80.9,84.0,9.999999999999998
1073,30691.4,0.326,1.57,1,0.86,0.12,257,128,0.07,High,82.15,67.39999999999999,0.0
1074,18453.07,0.362,1.72,3,0.87,0.13,128,178,0.41,High,61.400000000000006,63.800000000000004,0.0
1075,38966.4,0.202,4.93,1,0.34,0.4,257,85,0.0,High,65.35,79.80000000000001,48.0
1076,25556.19,0.368,1.53,0,0.99,0.01,74,158,0.16,High,92.35,63.2,0.0
1077,15990.76,0.182,0.68,0,0.67,0.4,40,211,0.0,High,96.6,81.80000000000001,31.5
1078,26146.96,0.387,0.35,1,0.51,0.4,206,16,0.0,High,88.25,61.3,39.5
1079,43506.84,0.081,1.51,1,0.49,0.4,174,162,0.0,High,82.45,91.9,40.5
1080,37652.0,0.29,2.27,0,0.69,0.28,225,167,0.0,High,88.65,71.0,18.500000000000007
1081,26862.13,0.223,5.72,2,1.01,0.0,219,219,0.35,High,51.400000000000006,77.7,0.0
1082,26856.68,0.186,0.73,1,0.6,0.34,247,147,0.0,High,86.35,81.4,29.0
1083,27105.28,0.271,1.61,2,0.9,0.06,193,125,0.27,High,71.95,72.89999999999999,0.0
1084,48690.73,0.296,5.75,1,0.38,0.4,184,157,0.01,High,61.25,70.39999999999999,46.0
1085,33437.42,0.052,3.92,2,0.68,0.33,207,192,0.16,High,60.400000000000006,94.8,24.0
1086,33870.37,0.108,1.23,0,1.09,0.0,201,172,0.07,High,93.85,89.2,0.0
1087,39272.55,0.3,2.15,2,0.92,0.06,167,31,0.3,High,69.25,70.0,0.0
1088,32149.1,0.283,1.23,1,0.47,0.4,244,176,0.0,High,83.85,71.7,41.5
1089,27668.62,0.388,10.63,3,0.7,0.22,132,41,0.48,High,16.849999999999994,61.199999999999996,12.000000000000002
1090,28232.85,0.316,0.45,2,0.49,0.4,229,172,0.03,High,77.75,68.39999999999999,40.5
1091,29355.59,0.383,10.62,4,0.63,0.29,124,194,0.58,Medium,6.900000000000006,61.7,22.499999999999996
1092,29665.0,0.296,4.01,1,0.92,0.12,46,149,0.29,High,69.95,70.39999999999999,0.0
1093,36548.67,0.154,2.1,1,0.92,0.08,198,127,0.15,High,79.5,84.6,0.0
1094,30467.51,0.087,0.08,0,0.48,0.4,206,235,0.0,High,99.6,91.3,41.0
1095,36593.76,0.324,2.34,1,1.04,0.0,259,64,0.15,High,78.3,67.6,0.0
1096,29273.55,0.275,1.77,1,0.77,0.16,19,101,0.24,High,81.15,72.5,2.5
1097,30707.72,0.067,0.41,2,0.6,0.33,274,11,0.04,High,77.95,93.30000000000001,28.0
1098,12016.19,0.176,3.08,1,0.7,0.34,11,103,0.2,High,74.6,82.4,24.0
1099,38246.95,0.385,13.91,2,0.78,0.22,251,61,0.33,High,10.450000000000003,61.5,7.999999999999998
1100,33118.4,0.225,2.58,0,0.75,0.24,203,141,0.0,High,87.1,77.5,11.5
1101,38982.09,0.201,3.77,1,0.69,0.33,61,99,0.16,High,71.15,79.89999999999999,23.500000000000004
1102,12000.0,0.21,0.22,1,0.7,0.3,142,32,0.06,High,88.9,79.0,20.0
1103,48795.37,0.123,1.41,0,0.44,0.4,121,204,0.0,High,92.95,87.7,43.0
1104,28743.69,0.179,0.36,0,0.95,0.17,43,160,0.11,High,98.2,82.1,0.0
1105,39973.65,0.179,2.75,2,0.73,0.3,269,222,0.11,High,66.25,82.1,18.5
1106,20640.85,0.068,6.53,2,0.4,0.4,10,125,0.29,High,47.349999999999994,93.19999999999999,45.0
1107,35514.97,0.319,3.9,2,0.91,0.06,185,179,0.31,High,60.5,68.10000000000001,0.0
1108,20519.26,0.196,0.24,1,1.05,0.0,136,174,0.22,High,88.8,80.4,0.0
1109,24386.08,0.338,1.62,1,1.06,0.0,183,212,0.2,High,81.9,66.19999999999999,0.0
1110,47226.28,0.348,2.99,1,0.6,0.36,74,30,0.11,High,75.05,65.2,31.0
1111,28283.86,0.124,1.35,2,0.41,0.4,115,91,0.13,High,73.25,87.6,44.5
1112,31956.9,0.28,6.1,3,0.71,0.29,109,151,0.42,High,39.5,72.0,18.5
1113,37830.61,0.215,5.19,1,0.39,0.4,292,17,0.0,High,64.05,78.5,45.5
1114,34461.14,0.358,3.59,0,1.05,0.0,119,92,0.16,High,82.05,64.2,0.0
1115,31353.77,0.126,1.23,1,0.45,0.4,122,184,0.01,High,83.85,87.4,42.5
1116,33284.65,0.287,1.01,2,0.5,0.4,149,114,0.11,High,74.95,71.30000000000001,40.0
1117,51630.74,0.263,0.37,0,0.63,0.4,212,172,0.0,High,98.15,73.7,33.5
1118,29481.43,0.153,1.21,0,0.61,0.33,298,94,0.0,High,93.95,84.7,27.5
1119,31809.89,0.098,1.33,0,0.94,0.11,105,15,0.09,High,93.35,90.2,0.0
1120,39455.89,0.278,3.82,0,0.67,0.33,126,227,0.0,High,80.9,72.2,24.5
1121,39949.73,0.309,3.8,0,0.44,0.4,247,79,0.0,High,81.0,69.10000000000001,43.0
1122,40683.27,0.16,0.2,2,0.51,0.4,211,231,0.05,High,79.0,84.0,39.5
1123,35748.57,0.276,1.7,0,0.71,0.33,111,82,0.0,High,91.5,72.39999999999999,22.5
1124,19712.96,0.188,0.59,0,0.42,0.4,52,59,0.0,High,97.05,81.2,44.0
1125,44700.88,0.3,0.6,2,0.79,0.11,107,162,0.28,High,77.0,70.0,0.0
1126,19682.89,0.12,4.56,0,0.75,0.25,29,107,0.12,High,77.2,88.0,12.5
1127,32723.72,0.362,0.16,2,0.87,0.09,290,174,0.15,High,79.2,63.800000000000004,0.0
1128,23211.52,0.151,1.5,1,1.05,0.0,259,142,0.14,High,82.5,84.89999999999999,0.0
1129,29422.75,0.179,0.53,0,1.03,0.02,275,196,0.0,High,97.35,82.1,0.0
1130,32958.86,0.07,4.97,2,1.06,0.0,139,210,0.41,High,55.150000000000006,93.0,0.0
1131,32892.21,0.089,1.99,1,0.5,0.4,34,170,0.1,High,80.05,91.10000000000001,40.0
1132,33797.29,0.231,0.83,1,0.41,0.4,47,147,0.05,High,85.85,76.9,44.5
1133,44523.4,0.144,1.9,2,0.54,0.4,267,106,0.03,High,70.5,85.6,38.0
1134,34081.81,0.342,4.88,3,1.02,0.0,32,78,0.61,Medium,45.599999999999994,65.8,0.0
1135,27802.59,0.055,7.22,3,1.08,0.0,86,77,0.61,Medium,33.9,94.5,0.0
1136,38676.78,0.183,0.73,1,0.99,0.0,168,172,0.19,High,86.35,81.69999999999999,0.0
1137,40705.23,0.168,6.17,1,0.39,0.4,3,173,0.17,High,59.150000000000006,83.2,45.5
1138,18951.53,0.057,6.22,2,1.06,0.0,251,59,0.34,High,48.900000000000006,94.3,0.0
1139,35376.6,0.094,6.12,2,0.64,0.25,263,8,0.17,High,49.400000000000006,90.60000000000001,18.0
1140,36310.55,0.195,3.0,1,0.31,0.4,65,188,0.05,High,75.0,80.5,49.5
1141,27321.93,0.223,3.09,0,0.65,0.34,166,116,0.0,High,84.55,77.7,26.5
1142,42381.36,0.192,1.53,0,0.34,0.4,203,237,0.0,High,92.35,80.80000000000001,48.0
1143,28649.5,0.236,4.44,2,0.74,0.35,224,166,0.16,High,57.8,76.4,23.0
1144,31130.19,0.258,2.49,1,0.57,0.4,154,101,0.02,High,77.55,74.2,36.5
1145,28442.35,0.053,2.57,1,0.68,0.24,134,76,0.11,High,77.15,94.69999999999999,14.999999999999998
1146,30140.21,0.212,1.71,1,0.79,0.11,116,24,0.17,High,81.45,78.8,0.0
1147,20133.52,0.387,5.18,2,1.0,0.01,219,39,0.33,High,54.099999999999994,61.3,0.0
1148,17039.54,0.232,5.5,2,0.83,0.14,198,211,0.28,High,52.5,76.8,0.0
1149,44350.55,0.287,0.54,0,0.65,0.29,283,55,0.0,High,97.3,71.30000000000001,21.499999999999996
1150,22377.35,0.159,5.0,2,0.96,0.05,204,180,0.32,High,55.0,84.1,0.0
1151,21077.47,0.321,2.8,2,1.02,0.0,137,51,0.37,High,66.0,67.9,0.0
1152,12000.0,0.321,6.71,3,0.4,0.4,236,189,0.22,High,36.45,67.9,45.0
1153,24249.34,0.232,1.78,1,0.73,0.24,143,190,0.1,High,81.1,76.8,12.5
1154,18092.19,0.392,1.89,3,0.53,0.4,198,88,0.21,High,60.55,60.8,38.5
1155,44778.14,0.094,6.09,2,0.34,0.4,45,56,0.24,High,49.55,90.60000000000001,48.0
1156,39088.35,0.056,0.66,0,0.83,0.19,59,59,0.07,High,96.7,94.39999999999999,2.5000000000000036
1157,23806.65,0.32,6.69,2,0.99,0.0,144,95,0.42,High,46.55,68.0,0.0
1158,50271.92,0.333,2.42,0,0.43,0.4,212,86,0.0,High,87.9,66.7,43.5
1159,38835.89,0.092,1.78,0,0.95,0.03,74,123,0.15,High,91.1,90.8,0.0
1160,27076.52,0.143,1.0,2,0.98,0.02,226,161,0.26,High,75.0,85.7,0.0
1161,12000.0,0.056,1.94,0,1.03,0.0,29,24,0.21,High,90.3,94.39999999999999,0.0
1162,50618.48,0.153,1.09,0,0.51,0.4,130,32,0.0,High,94.55,84.7,39.5
1163,17493.85,0.321,0.14,1,1.02,0.01,108,181,0.24,High,89.3,67.9,0.0
1164,15191.41,0.231,1.0,1,0.56,0.4,167,152,0.0,High,85.0,76.9,37.0
1165,39203.13,0.172,0.02,1,0.74,0.24,217,230,0.01,High,89.9,82.80000000000001,12.0
1166,51957.77,0.18,11.12,3,0.34,0.4,73,184,0.41,High,14.400000000000006,82.0,48.0
1167,42458.46,0.05,7.6,2,0.34,0.4,206,12,0.13,High,42.0,95.0,48.0
1168,35075.18,0.155,1.4,2,0.88,0.09,155,162,0.28,High,73.0,84.5,0.0
1169,35352.79,0.276,4.41,2,0.66,0.36,69,176,0.27,High,57.95,72.39999999999999,28.0
1170,37680.74,0.391,1.68,0,0.51,0.4,92,74,0.0,High,91.6,60.9,39.5
1171,36830.36,0.346,4.15,0,0.45,0.4,262,99,0.0,High,79.25,65.4,42.5
1172,32530.72,0.058,3.75,2,0.84,0.16,230,118,0.22,High,61.25,94.19999999999999,0.0
1173,30937.81,0.364,11.21,3,0.3,0.4,81,112,0.4,High,13.949999999999996,63.6,50.0
1174,29436.66,0.324,1.85,3,0.94,0.02,98,125,0.49,High,60.75,67.6,0.0
1175,23214.32,0.323,5.53,1,0.36,0.4,248,191,0.0,High,62.349999999999994,67.7,47.0
1176,27473.92,0.21,0.94,1,0.45,0.4,274,141,0.0,High,85.3,79.0,42.5
1177,14763.39,0.189,13.67,3,0.61,0.37,159,175,0.44,High,1.6500000000000057,81.1,31.5
1178,29114.94,0.156,0.07,2,0.69,0.35,118,209,0.17,High,79.65,84.39999999999999,25.500000000000004
1179,21102.68,0.073,2.19,0,0.58,0.4,20,47,0.01,High,89.05,92.7,36.0
1180,20067.7,0.13,2.85,1,0.56,0.4,174,18,0.01,High,75.75,87.0,37.0
1181,31619.05,0.136,3.12,0,1.07,0.0,18,159,0.25,High,84.4,86.4,0.0
1182,42528.02,0.219,0.4,1,0.81,0.02,242,23,0.08,High,88.0,78.10000000000001,0.0
1183,38264.85,0.312,9.92,1,0.32,0.4,58,47,0.16,High,40.4,68.8,49.0
1184,15865.49,0.216,0.62,0,0.64,0.37,81,56,0.0,High,96.9,78.4,30.0
1185,21093.35,0.07,2.29,0,1.0,0.04,105,118,0.14,High,88.55,93.0,0.0
1186,38466.94,0.385,0.99,1,0.54,0.4,286,217,0.0,High,85.05,61.5,38.0
1187,21157.61,0.38,1.43,0,0.38,0.4,195,149,0.0,High,92.85,62.0,46.0
1188,27978.3,0.325,2.87,1,0.91,0.18,7,106,0.28,High,75.65,67.5,0.0
1189,34950.47,0.397,2.15,0,0.78,0.16,108,8,0.05,High,89.25,60.3,1.9999999999999982
1190,21284.9,0.241,0.56,0,0.76,0.23,280,224,0.0,High,97.2,75.9,10.0
1191,30948.38,0.387,0.74,1,0.34,0.4,102,84,0.0,High,86.3,61.3,48.0
1192,17993.77,0.076,1.29,0,0.41,0.4,240,103,0.0,High,93.55,92.4,44.5
1193,24587.69,0.178,4.09,0,0.8,0.28,271,178,0.0,High,79.55,82.2,13.000000000000002
1194,32878.04,0.129,6.04,2,0.47,0.4,88,155,0.23,High,49.8,87.1,41.5
1195,15663.06,0.119,0.23,0,0.7,0.29,34,237,0.03,High,98.85,88.1,19.0
1196,33964.27,0.099,1.25,0,0.74,0.18,53,28,0.07,High,93.75,90.10000000000001,6.0
1197,29823.26,0.268,0.35,1,0.53,0.4,81,64,0.04,High,88.25,73.2,38.5
1198,34972.41,0.323,0.06,0,1.06,0.0,188,195,0.06,High,99.7,67.7,0.0
1199,32015.23,0.252,3.54,1,0.97,0.01,176,118,0.22,High,72.3,74.8,0.0
1200,42277.26,0.101,2.31,0,0.88,0.11,108,73,0.09,High,88.45,89.9,0.0
